user,Tweet
hosihosinosora,"RT @kumagayakimura: ï¼ºï¼´ï¼¦å½—æ˜Ÿ  C/2022 E3 ( ZTF ) ã®GIFã‚¢ãƒ‹ãƒ¡

2023/01/16ã€€27:35:70ï½28:58:38(JST)   
Îµ-160EDï¼‹extender+BJ-53Lã€€2mÃ—4ã‚’10æš ä½¿ç”¨
@å¦™ç¾©å…¬åœ’(ç¾¤é¦¬çœŒï¼‰â€¦"
hyuckie_pp,"RT @Dekchaikumkom: Theme à¸‡à¸²à¸™à¸­à¸­à¸Ÿà¸Ÿà¸´à¸• 2022 : Very thai
Cr. Kotton Thuntida https://t.co/f6G94iq2fR"
BTSsEmoBoi,"RT @charts_k: ""Spring Day"" (@BTS_twt) is the first song to chart on Melon Yearly Chart for 6 consecutive years (2017 - 2022). ğŸ‡°ğŸ‡· https://t.â€¦"
yinyi_w,"RT @punuki2: à¸ˆà¸²à¸à¸•à¹‰à¸™à¸à¸¥à¹‰à¸²à¹ƒà¸™à¸§à¸±à¸™à¸™à¸±à¹‰à¸™ à¸ªà¸¹à¹ˆà¸•à¹‰à¸™à¹„à¸¡à¹‰à¸—à¸µà¹ˆà¸à¸³à¸¥à¸±à¸‡à¹€à¸ˆà¸£à¸´à¸à¹€à¸•à¸´à¸šà¹‚à¸• à¹€à¸«à¹‡à¸™à¸£à¸¹à¸›à¸à¸±à¸’à¸™à¸²à¸à¸²à¸£à¸„à¸§à¸²à¸¡à¸à¹‰à¸²à¸§à¸«à¸™à¹‰à¸²à¸‚à¸­à¸‡à¸™à¹‰à¸­à¸‡à¸›à¹‹à¸­à¹à¸¥à¹‰à¸§à¹‚à¸„à¸•à¸£à¸ à¸¹à¸¡à¸´à¹ƒà¸ˆ 
à¹€à¸à¹ˆà¸‡à¸¡à¸²à¸à¸„à¸£à¸±à¸š 60% à¸‚à¸­à¸‡à¸£à¸²à¸¢à¹„â€¦"
phantom_wallker,"RT @122Mortalix: YA SE QUE YA ES 2023 pero casi 20 dÃ­as despuÃ©s, aquÃ­ hago mi ofrenda por este bonito 2022 con estas criaturas todas hermosâ€¦"
91AKG,ã€https://t.co/GxWhr3a8ljé™å®šã€‘MANKAI STAGEã€A3!ã€ACT2! ~AUTUMN 2022~(ã‚¹ãƒªãƒ¼ãƒ–ã‚±ãƒ¼ã‚¹ä»˜) [Blu-ray] https://t.co/Hp73fqESVY
1feslegenn,RT @OgretmnEtkinlik: SayÄ±n CumhurbaÅŸkanÄ±mÄ±z eÄŸitime ve Ã¶ÄŸretmenlere ne kadar deÄŸer verdiÄŸiniz biliyoruz. 2022 KPSS'ye girmiÅŸ atama bekleyenâ€¦
BLACKPINK_TUN,"RT @chartsblackpink: .@BLACKPINK has charted on MelOn Yearly Chart every year since their debut (2016-2022).

#PinkVenom #BestMusicVideo #iâ€¦"
SleepySkyzzz,"RT @EVERGLOW_STAFF: [ğŸ“¢EVERGLOW NOTICE]

í•œí„°ë®¤ì§ì–´ì›Œì¦ˆ 2022 íˆ¬í‘œ ì•ˆë‚´ğŸ†

ğŸ“ ~ 2023.01.26 11:59AM (KST)
ğŸ“ íˆ¬í‘œë°©ë²•
í›„ì¦ˆíŒ¬ ì•± ë‹¤ìš´ë¡œë“œ &gt; í¬ìŠ¤íŠ¸ ì œë„ˆë ˆì´ì…˜ìƒ

EVERGLOW íˆ¬í‘œ!ğŸ’œ
(íˆ¬í‘œâ€¦"
Gladiator_2022,@ShivamJ24 @pbhushan1 you are equally cruel and shamelss
__igabes,"RT @TUNISIANFUTURE: ğŸ‡¹ğŸ‡³â›½ï¸ | Les travaux de construction de 6 nouvelles aires sur lâ€™autoroute A1 dÃ©buteront le mois prochain.

Un accord avaiâ€¦"
MartinOhrndorf,"RT @heuteshow: Zum Schuljahresbeginn 2022/2023 fehlten 40.000 Lehrer:innen.
â€Vertretungâ€œ ist inzwischen sogar ein eigenstÃ¤ndiges Fach."
Mukilan_Tamil_,RT @ImTanujSingh: Mohammad Siraj bowled 15 maiden overs in ODIs since 2022 - Most by any bowler in the world.
mohsen_b0932,"RT @SeiDailyTK: How do Investors Perform in this Bear Market?

We conducted a survey and asked 10,267 investors how did they perform in 202â€¦"
yu_reesa,"RT @charts_k: ""Spring Day"" (@BTS_twt) is the first song to chart on Melon Yearly Chart for 6 consecutive years (2017 - 2022). ğŸ‡°ğŸ‡· https://t.â€¦"
perlihatkan,RT @koreansales_twt: &lt;'The ReVe Festival 2022 - Birthday'&gt; by #RedVelvet has surpassed 1 million copies sold on Circle Chart.
JumpJumpTT,RT @JaminpartyBB: à¸‚à¸™à¸¥à¸¸à¸à¸à¸±à¸šà¸™à¹‰à¸­à¸‡â€‹#WheelsUpâ€‹ à¹€à¸¥à¹ˆà¸™à¸—à¸µà¹ˆà¸—à¸³à¹€à¸™à¸µà¸¢à¸šà¸‚à¸²à¸§â€‹ à¹€à¸›à¹‡à¸™à¹€à¸à¸¥à¸‡à¸‚à¸­à¸‡à¸—à¸µà¸¡à¸§à¸­à¸£à¸´à¹€à¸­à¸­à¸£à¹Œâ€‹à¸›à¸£à¸°à¸ˆà¸³à¸›à¸µâ€‹ 2022â€‹ à¸—à¸µà¹ˆà¸™à¹‰à¸­à¸‡à¹à¸šà¸¡à¹à¸šà¸¡à¸£à¹ˆà¸§à¸¡à¸à¸±à¸™à¸—à¸³à¸à¸±à¸šà¸¨à¸´à¸¥à¸›à¸´à¸™à¹€à¸¡à¸‹à¸´à¸™ ğŸ‘ğŸ»â€¦
MarcosAL63,"RT @willowofwood_1: AhÃ­ llevÃ¡is...a la PAYASA
https://t.co/XsuY1KDoMJ https://t.co/B1KDpCOFVK"
iveyouth,"RT @kchartsmaster: MelOn 2022 Year-End Chart:

#1 LOVE DIVE @IVE_twt
#2 TOMBOY @G_I_DLE
#3 Drunken Confession
#4 Love, Maybe
#5 Love Alwaysâ€¦"
MsWangZ,"RT @wxyzybxz: Wang Yibo is officially announced as YueHua Entertainment shareholder. 

In the first three quarters of 2022, YH Ent achievedâ€¦"
AmazingChevVolt,"RT @InsideEVs: Volkswagen Group Global BEV Sales In 2022 Reached 572,100 https://t.co/c1r1tat8g0 via @insideevs.com"
pjs_girlf,"RT @jisung_bubble: 2022ë…„ 6ì›” ì§€ì„±ë²„ë¸” &amp; ì§€ì„±ë¦¬ìŠ¨

ğŸ—“ìº˜ë¦°ë”
ğŸ“‹ë³´ê³ ì„œ https://t.co/4bLpPK72fG"
crmndm,"RT @bartoleiros: Pienso en este artÃ­culo todos los dÃ­as de mi vida. 

â€œLa â€˜brecha de la riquezaâ€™ comienza a notarse hacia el final de la veâ€¦"
madhavmane48,"#KSAandUAEHandTools Growth Set to Surge Significantly during 2022-2027
More Info @ https://t.co/kqhbDjErap

#KSA #UAE #Hand #Tools"
bujassim_97,"@fozieh_2022 ØµØ¨Ø§Ø­ Ø§Ù„ÙˆØ±Ø¯ ÙˆØ§Ù„Ø³Ø¹Ø§Ø¯Ø© ÙˆØ§Ù„Ø±Ø¶Ø§ ÙˆØ§Ù„Ø¹Ø§ÙÙŠØ© 
Ø¬Ø¹Ù„ Ø§Ù„Ø³Ø¹Ø§Ø¯Ø© ØªØ­ØªÙˆÙŠÙƒ ÙˆÙ…Ø§ ØªÙØ§Ø±Ù‚Ùƒ ÙŠØ§Ø±Ø¨"
PrWM3,"According to data from CBRE, over the past nine months Indiaâ€™s office sector has absorbed 42.1 million square feet (sq. ft.), registering a growth of 66 per cent YoY.

Reported as on Nov 4th 2022"
_flowerseokjin,"RT @charts_k: ""Spring Day"" (@BTS_twt) is the first song to chart on Melon Yearly Chart for 6 consecutive years (2017 - 2022). ğŸ‡°ğŸ‡· https://t.â€¦"
edwin_lallo,@abuga_makori Chebukati doesn't realize how much his life is in danger now and might even have his Passport taken away from him... He is officially a moving target who knows and carries the truth about the 2022 elections ... He asked for kidnapping and agreed to it voluntarily
hoodiezed,"RT @Gus_Raharjo: @Pangestiwerda Monggo Kang @ridwankamil . 

Coba Di Cek Data BPS dari 2018-2022 .

Hanya data Saja ini kang . Nuhun . httpâ€¦"
babyijiminhoe,"RT @charts_k: ""Spring Day"" (@BTS_twt) is the first song to chart on Melon Yearly Chart for 6 consecutive years (2017 - 2022). ğŸ‡°ğŸ‡· https://t.â€¦"
kalu2079,RT @DIPRRajasthan: à¤¸à¤®à¤¾à¤¨ à¤ªà¤¾à¤¤à¥à¤°à¤¤à¤¾ à¤ªà¤°à¥€à¤•à¥à¤·à¤¾ (CET) (à¤¸à¥à¤¨à¤¾à¤¤à¤• à¤¸à¥à¤¤à¤°)- 2022 à¤•à¥‡ à¤®à¤¾à¤¸à¥à¤Ÿà¤° à¤ªà¥à¤°à¤¶à¥à¤¨ à¤ªà¤¤à¥à¤° à¤¤à¤¥à¤¾ à¤ªà¥à¤°à¤¾à¤°à¤®à¥à¤­à¤¿à¤• à¤‰à¤¤à¥à¤¤à¤° à¤•à¥à¤‚à¤œà¥€ à¤œà¤¾à¤°à¥€- à¤ªà¤°à¥€à¤•à¥à¤·à¤¾à¤°à¥à¤¥à¥€ 19 à¤¸à¥‡â€¦
BACKLIFT_JAPAN,"RT @gekirock_shop: BACK LIFT / Dream Wagon
#æ¿€playing

1/20(é‡‘)ã¯åƒè‘‰LOOKã«ã¦""Dream Wagon Tour 2022-2023""ã«å‡ºæ¼”ï¼

æ¸‹è°·ã®ã‚²ã‚­ã‚¯ãƒ­åº—é ­ã§ã¯å‡ºæ¼”ã‚¢ãƒ¼ãƒ†ã‚£ã‚¹ãƒˆã‚’ãƒ‘ãƒ¯ãƒ¼ãƒ—ãƒ¬ã‚¤ï¼

é–¢æ±ã«ãŠè¶Šã—â€¦"
embunkarinapoet,"RT @hanluthfyy: âš¡ï¸Selling Fast âš¡ï¸

Toyota Vios 1.5 Full Spec! 
Year 2022

âœ… Reverse camera
âœ… Lane departure assist
âœ… Leather seat
âœ… Push stâ€¦"
star_taraco,"RT @BEFIRSTofficial: BE:FIRST 1st One Man Tour ""BE:1"" 2022-2023

ã‚¢ãƒªãƒ¼ãƒŠè¿½åŠ å…¬æ¼”(æ±äº¬ãƒ»å¤§é˜ª) ä¼šå ´ã«ã¦ã€ãƒ„ã‚¢ãƒ¼ã‚°ãƒƒã‚ºè²©å£² &amp; æ–°å•†å“ ""ãƒ¡ãƒ³ãƒãƒ¼ãƒ—ãƒ­ãƒ‡ãƒ¥ãƒ¼ã‚¹ã‚°ãƒƒã‚º"" ã®å…ˆè¡Œè²©å£²ã‚’è¡Œã„ã¾ã™ã€‚

â–¼è©³ç´°ã¯Officâ€¦"
ChrisThomasNJ,@KamiHorton5 @alexbos_co https://t.co/5ddrAl9bZT
rainsdeaf,"RT @CTRLF33K: Angenica (2022)

https://t.co/WuPZWbgtoi https://t.co/q5QDV50C5g"
Guadalupe_rmz05,"RT @Liga_Arco: Â¡PURO GUASAVE! ğŸ¤© ğŸ‰ 

Los @AlgodonerosGsv estÃ¡n en la Serie Final de la campaÃ±a 2022-2023 â˜ï¸ğŸ”¥

#LigaARCO âš¾ï¸ https://t.co/BJhiâ€¦"
swordphantom,"RT @chiinejime: ã‚°ãƒ©ãƒ•ã‚§ã‚¹2022_2023æ˜æ—¥ã‹ã‚‰é‚ã«å§‹ã¾ã‚Šã¾ã™ğŸ‰
20æ—¥ã«ãƒ¨ã‚¦å½¹ã€21æ—¥ã¨22æ—¥ã«ã‚¹ã‚«ãƒ¼ã‚µãƒå½¹ã§å‡ºæ¼”ã•ã›ã¦ã„ãŸã ãã¾ã™ã€‚
3æ—¥é–“æ¥½ã—ã¿ã¾ã—ã‚‡ã†ã­ï¼

#ã‚°ãƒ©ãƒ•ã‚§ã‚¹ #ã‚°ãƒ©ãƒ–ãƒ«ãƒ•ã‚§ã‚¹2022_2023 #ã‚°ãƒ©ãƒ–ãƒ« https://t.co/pnâ€¦"
Edutilia,RT @Edutilia: Aprender a cambiar el mundo #EthicMagazine https://t.co/XAyQAUaxz4
TerreCharles,"RT @ViSassoon: Heureuse dâ€™assister ce soir Ã  @AssasUniversite Ã  la prÃ©sentation du dernier ouvrage du sociologue RÃ©my Rieffel, qui a Ã©tÃ© moâ€¦"
forwooandhyun,"RT @kchartsmaster: ""The ReVe Festival 2022 - Birthday"" by Red Velvet (@RVsmtown) has surpassed 1 million copies sold on Circle Chart."
noanoa0758,@golf_2022 ãŠã„ã€€é¬¼å¤ªéƒï¼
hosein1mokh,@fozieh_2022 ÙŠØ³Ø¹Ø¯ ØµØ¨Ø§Ø­Ùƒ ÙŠØ§ Ø±Ø¨ Ø¨Ø§Ù„Ø®ÙŠØ± ÙˆØ§Ù„Ø¹Ø§ÙÙŠØ© ÙˆØ§Ù„Ø¨Ø±ÙƒØ© ğŸŒ¹ğŸŒ¹ğŸŒ¹
EliseoMenay,RT @RaamaSuarez: les voy armar un hilo de las mejores hamburgueserÃ­as o sorpresas que descubrimos del 2022. BÃ¡sicamente comemos burger PARAâ€¦
egerald2012,RT @ruffydfire: Fuel scarcity in Lagos Since Nov 2022.Nobody is saying anything ooo
stray_cats00474,"RT @BHYYHFILES: #huening_bahiyyih mbc gayo 2022 behind photo ğŸ“¸

#íœ´ë‹ë°”íˆì— #Kep1er #ì¼€í”ŒëŸ¬ https://t.co/GYbVjJOJX3"
BadoZuka,RT @ot4xblackpink2: Hasta el momento la diferencia con ser el gg con mÃ¡s STREAM en 2023 es de 2M y eso que BP no regresa desde sept 2022â€¦
rol2twice,"RT @twicebsocial: NAYEONâ€™s â€œPOP!â€ is the Highest Charting JYPE Song on Circle Chart (Digital), MelOn, Bugs &amp; Genie in 2022! 

#TWICE #NAYEOâ€¦"
MUHAMMA30311431,"RT @pvmihalache: ğŸ’€ The Man of Tomorrow #6 - The Dark Side of 2022 ğŸ’€ #Crypto @publish0x #HODL #DeFi #NFT @Inf_Skies @FTX_Official
https://t.â€¦"
thak_2022,APL ì¼ë³¸ JOPT í˜‘ì—…ì‹ https://t.co/uwz5bSpXxS
anisonha,"RT @anisonha: ğŸ†#ã‚¢ãƒ‹ã‚½ãƒ³æ´¾ï¼æ¥½æ›²ã‚¢ãƒ¯ãƒ¼ãƒ‰2022 æŠ•ç¥¨å—ä»˜ä¸­
ãƒãƒŸãƒãƒ¼ãƒˆæ¥½æ›²ã«å¯„ã›ã‚‰ã‚ŒãŸæ¨ã—ã‚³ãƒ¡ãƒ³ãƒˆã‚’ã”ç´¹ä»‹âœ¨

ğŸ¸ä»Šå›ã¯
é’æ˜¥ã‚³ãƒ³ãƒ—ãƒ¬ãƒƒã‚¯ã‚¹
ãƒ©ãƒ–ã‚¢ãƒ†ãƒ³ã‚·ãƒ§ãƒ³
ãƒˆã‚­ãƒ¡ã‚­â˜†ã‚¤ãƒã‚´ã„ã¡ãˆ
Love? Reason why!!
One Way
ãƒ¢ãƒ³ãƒ€ã‚¤ãƒŠã‚¤ãƒˆãƒªãƒƒãƒ‘ãƒ¼â€¦"
DimasOvalle,Me arrepiento mucho de mi 2021 y 2022
Yo_1_2011,"NTT ã‚¸ãƒ£ãƒ‘ãƒ³ãƒ©ã‚°ãƒ“ãƒ¼ ãƒªãƒ¼ã‚°ãƒ¯ãƒ³ 2022-23 ãƒ‡ã‚£ãƒ“ã‚¸ãƒ§ãƒ³1
ç¬¬5ç¯€ ã‚«ãƒ³ãƒ•ã‚¡ãƒ¬ãƒ³ã‚¹Bï¼ˆD1-M26ï¼‰æ±Ÿæˆ¸å·åŒºé™¸ä¸Šç«¶æŠ€å ´ ï¼ˆæ±äº¬éƒ½ï¼‰
01.21
ã‚¯ãƒœã‚¿ã‚¹ãƒ”ã‚¢ãƒ¼ã‚ºèˆ¹æ©‹ãƒ»æ±äº¬ãƒ™ã‚¤-ã‚³ãƒ™ãƒ«ã‚³ç¥æˆ¸ã‚¹ãƒ†ã‚£ãƒ¼ãƒ©ãƒ¼ã‚º
ãƒ¡ãƒ³ãƒãƒ¼ç™ºè¡¨
https://t.co/y90aAyPfNS"
anb80,"RT @AtillaYesilada1: NasÄ±l oluyor da elektrik Ã¼retimi azalÄ±rken, GSYIH %5 bÃ¼yÃ¼yor, Ã§Ã¶zmÃ¼ÅŸ deÄŸilim. 

https://t.co/97zWubkTi2"
exolblink4lyfe,RT @theexosource: Congratulations to Yixing (@layzhang) for winning the â€˜Powerful Artist of the Yearâ€™ award at the 2022 Weibo Music Awards!â€¦
BLACKPINK_TUN,"RT @chartsblackpink: Idol female groups on MelOn Yearly Chart for 2022:

â€¢ aespa (4)
â€¢ IVE, NewJeans, (G)I-DLE (3)
â€¢ @BLACKPINK, LE SSERAFIâ€¦"
conservativecnv,"RT @KariLakeWarRoom: Maricopa Malice

""Arizonaâ€™s largest county violated state law by failing to implement chain-of-custody documentation fâ€¦"
haruharunogi46,"RT @kokkai_kengaku: #æ™‚äº‹ã€€ï¼ƒæ”¿å…šæ”¯æŒç‡
2023/1/13-16ã€€â€»ï¼ˆï¼‰å†…å‰å›2022/12/9-12
â˜…å€‹åˆ¥é¢æ¥æ–¹å¼
è‡ªæ°‘ã€€24.6ï¼ˆ+1.8ï¼‰
ç«‹æ†²ã€€2.5(-3.0)
å›½æ°‘ã€€1.5(+0.1)
å…¬æ˜ã€€3.4(-0.3)
ç¶­æ–°ã€€3.6(-0.2)
å…±ç”£â€¦"
sanemitsu0626,"RT @kokkai_kengaku: #æ™‚äº‹ã€€ï¼ƒæ”¿å…šæ”¯æŒç‡
2023/1/13-16ã€€â€»ï¼ˆï¼‰å†…å‰å›2022/12/9-12
â˜…å€‹åˆ¥é¢æ¥æ–¹å¼
è‡ªæ°‘ã€€24.6ï¼ˆ+1.8ï¼‰
ç«‹æ†²ã€€2.5(-3.0)
å›½æ°‘ã€€1.5(+0.1)
å…¬æ˜ã€€3.4(-0.3)
ç¶­æ–°ã€€3.6(-0.2)
å…±ç”£â€¦"
dhomy20188,@AL____2022 ØµØ¨Ø§Ø­Ùƒ ÙˆØ±Ø¯
VrikaVargas,"RT @ceciliaencina: Final de la intervenciÃ³n de la ministra @ionebelarra, esta maÃ±ana, en el acto de presentaciÃ³n del Informe de Progreso 20â€¦"
neurotic_ak,"RT @SSCorg_in: SSC MTS &amp; Hawaldar Notification 2022

Education : 10th Pass

Vacancies
MTS 10880
Hawaldar 529

Age : 18-25 &amp; 18-27 (01-01-20â€¦"
aleen__leen,"RT @theglobalchoice: #TheGlobalChoice100 
XIAO ZHAN 
No. 9
The 100 Global Fashion Icons of 2022

WATCH: https://t.co/GPq0TecwRf
READ: httpsâ€¦"
anyelimarromero,RT @NicolasMaduro: La capacidad del pueblo venezolano es grandiosa. En el 2022 llegamos a casi 500mil emprendimientos. Â¡Juntos y juntas segâ€¦
FxChristianH,"RT @intermilanstory: Berkat keberhasilan #InterMilan mengalahkan Milan 3-0, Joaquin Correa menjadi pemain yg meraih #superCoppaItalia sebanâ€¦"
Simanch04467026,"RT @munarajat: https://t.co/9VY7w5rfwG
Jai Ho HarGhar Triranga"
Anggit0419Akk,"RT @RBW_MAMAMOO: [#ë§ˆë§ˆë¬´]

2022 MBC ê°€ìš”ëŒ€ì œì „ Behind

ğŸ”— https://t.co/L0sx6asQEx

#MAMAMOO #ë¬´ë¬´ #ê°€ìš”ëŒ€ì œì „ https://t.co/PlM6PcikLP"
VoskopoulosG,"Stephen Blank #Russia 's Challenges to International #Security &amp; the Western Response:Moscowâ€™s Objectives in the #MiddleEast  in Voskopoulos G.(ed) #EuropeanUnion Security+Defence,Springer
https://t.co/cbYABP1gfe https://t.co/HszfHDOgE7"
educalapaila,"RT @simonaxm: #LasCondes #Lavin
ContralorÃ­a revela millonarias boletas improcedentes e irregularidades en horas extras bajo gestiÃ³n de LavÃ­â€¦"
fercastelo12,"RT @Liga_Arco: Â¡LEÃ‘A CAÃ‘EROS! ğŸ¤© ğŸ‰ 

Los @verdesxsiempre clasifican a la Serie Final de la campaÃ±a 2022-2023 ğŸ‹ğŸ˜

#LigaARCO âš¾ï¸ https://t.co/xâ€¦"
maria_andy2,"RT @GrandserreSylv1: Ah bravo Blanquer ! 45% des Ã©lÃ¨ves de Terminale n'ont suivi ni la spÃ©cialitÃ© ni l'option maths en 2021-2022, soit 3 foâ€¦"
Abhishe00878494,"RT @Pulikeshi609: 2022 - 24à²•à³à²•à²¨à³† à²µà²¯à²¸à³à²¸à²¿à²¨ à²¬à³†à²‚à²—à²³à³‚à²°à³ à²¹à³à²¡à³à²—à²¿ à²®à³‡à²²à³† à²†à²¸à²¿à²¡à³ à²¦à²¾à²³à²¿ à²®à²¾à²¡à²¿à²¦à³à²¦à³ à²¤à²®à²¿à²³à³à²¨à²¾à²¡à³ à²®à³‚à²²à²¦ à²µà³à²¯à²•à³à²¤à²¿ 

2023 - 19à²¨à³à²¨à³‡ à²µà²¯à²¸à³à²¸à²¿à²¨ à²¬à³†à²‚à²—à²³à³‚à²°à³â€¦"
763Sego,"RT @shwood: Yo:  take 3 minutes and watch this premiere.  It's the funniest thing I did in all of 2022.

https://t.co/hdllKHIbcQ"
cherish_able,"RT @shownote: ï½œğŸ“½ï½œ#ì´í”„ë´ #HEYKID

ë‚´ê°€ ë°›ì§€ ëª»í•œ ì‚¬ë‘, ë‹¤ ì¤„ê²Œ
ë‚˜ì˜ ëª¨ë“  ê²ƒì„ ë°”ì¹ ê²Œ

ğŸ“https://t.co/QjDSBE9KeF

ë®¤ì§€ì»¬ &lt;ì´í”„ë´&gt;
2022.12.08~2023.02.26
í™ìµëŒ€ ëŒ€í•™ë¡œ ì•„íŠ¸ì„¼í„° ëŒ€ê·¹ì¥"
lucyii5,"RT @KTH_Supporters: ğŸˆ2022 Melon ì—°ê°„ì°¨íŠ¸ Top100ì— Christmas Treeê°€ ì°¨íŠ¸ì¸í–ˆìŠµë‹ˆë‹¤.

ğŸ‡°ğŸ‡·êµ­ë‚´ ìˆœìœ„ 93ìœ„ğŸ‰
ğŸŒì¢…í•© ìˆœìœ„ 99ìœ„ğŸ‰

#ë·” ì˜ í¬ë¦¬ìŠ¤ë§ˆìŠ¤ íŠ¸ë¦¬ë¥¼ ê¾¸ì¤€íˆ ìŠ¤íŠ¸ë¦¬ë°í•´ì£¼ì‹œê³  ì‚¬ë‘í•´ì£¼ì‹  ëª¨ë“ ë¶„ë“¤ê»˜ ê°ì‚¬â€¦"
VivekSi85847001,"Some Correction â˜ºğŸ‘‡ğŸ‘‡

Acc to Prgm Director &amp; Project head (not news) of these Programs first flight of these were to be by :- 

Tejas MK-1A = 2022 (done) 
Tejas MK-2 = 2023 now 2024
AMCA = 2025 but now roll out in 2026
TEDBF = 2026 (No changes as of Now) https://t.co/XCVuh8cWsW"
redz041,RT @LeftOfBlack: Left of Black S12 Â· E23 | Anthony Reed on the Soundworks of Poetry &amp; Music in the Black Arts Era https://t.co/HtsXgd7PAD hâ€¦
LOKI_SWINDLER,RT @emuzu100: ã€æ–°å•†å“ã‚°ãƒƒã‚ºã€‘ç· ã‚åˆ‡ã‚Šã¯ï¼‘æœˆï¼’ï¼“æ—¥ï¼’ï¼æ™‚ã¾ã§ã§ã™ã€‚ã€ŒãŠãæ¾ã•ã‚“ã€ã‚ˆã‚Šæãä¸‹ã‚ã—å•†å“ãŒå¤šæ•°ãŒç™ºå£²æ±ºå®šï¼å‰å›ã®ãƒ†ãƒ¼ãƒã€Œæ˜¥ã€ã€Œå¤ã€ã€Œç§‹ã€ã«å¼•ãç¶šãä»Šå›ã®ãƒ†ãƒ¼ãƒã¯ã€Œå†¬ã€ã§ã™ï¼è©³ç´°ã¯ã“ã¡ã‚‰â‡’https://t.co/ihmE65IM4Iã€€#ãŠãæ¾ã•ã‚“ã€€#osâ€¦
mminmoonx,"RT @NewJeansCharts: MelOn 2022 Year-End Chart

#15. Hype Boy
#17. Attention
#74. Cookie

â€” All the title tracks of @NewJeans_ADOR's debut Eâ€¦"
patcrmew,RT @malaikh03: à¸§à¸±à¸™à¸ªà¸¸à¸”à¸—à¹‰à¸²à¸¢à¹à¸¥à¹‰à¸§à¸ªà¸´à¸™à¸° à¸¡à¸´à¸ªà¹à¸à¸£à¸™à¸”à¹Œà¹€à¸Šà¸µà¸¢à¸‡à¸£à¸²à¸¢ 2022 ğŸ¥º #à¸¡à¸²à¸¥à¸±à¸¢à¸à¸°à¸„à¸²à¸£
Dreamkedd,"RT @FutballNews_: True football fans, what club do you support? can be local or global. Share a picture of you at the stadium, or with a plâ€¦"
0zxyx,RT @ptracesecurity: EntryBleed: Breaking KASLR under KPTI with Prefetch (CVE-2022-4543) https://t.co/QvZVoqALUf  #Pentesting #CVE #CyberSecâ€¦
natiiz07,"RT @Dekchaikumkom: Theme à¸‡à¸²à¸™à¸­à¸­à¸Ÿà¸Ÿà¸´à¸• 2022 : Very thai
Cr. Kotton Thuntida https://t.co/f6G94iq2fR"
onlyforTing,RT @kimllope: 2022 ê°€ìš”ëŒ€ì œì „ ë¹„í•˜ì¸ë“œ í¬í†  #ìƒ¤ì˜¤íŒ… https://t.co/7VWKXHRU5e
QwaimApp,"Ø£Ù‡Ù… Ø£Ø­Ø¯Ø§Ø« Ø§Ù„ÙŠÙˆÙ… Ø§Ù„Ø®Ù…ÙŠØ³ 19 ÙŠÙ†Ø§ÙŠØ±: 

â–ªï¸ Ø§Ù„Ù‡ÙŠØ¦Ø© Ø§Ù„Ø¹Ø§Ù…Ø© Ù„Ù„Ø¥Ø­ØµØ§Ø¡: ØªÙ‚Ø±ÙŠØ± Ø§Ù„Ø±Ù‚Ù… Ø§Ù„Ù‚ÙŠØ§Ø³ÙŠ Ù„Ø£Ø³Ø¹Ø§Ø± Ø§Ù„Ø¹Ù‚Ø§Ø±Ø§Øª Ù„Ù„Ø±Ø¨Ø¹ Ø§Ù„Ø±Ø§Ø¨Ø¹ 2022"
xinyu5771,RT @nake13: 2/ Paradigmè®¤ä¸ºåœ¨ASICã€GPUå’ŒFPGAè¿™å‡ ç±»ç¡¬ä»¶ä¸­ï¼Œæœ€é€‚åˆç”¨äºè®¡ç®—zk proofåŠ é€Ÿçš„ç¡¬ä»¶æ˜¯FPGAï¼Œè€Œä¸”ä»–ä»¬è®¤ä¸ºZK proofçš„ç”Ÿäº§å•†çš„æœºä¼šå¯èƒ½ä¸PoWçŸ¿å·¥ç±»ä¼¼ï¼ˆæ„å‘³ç€è¿™å°†æ˜¯ä¸€ä¸ªå·¨å¤§çš„å¸‚åœºï¼‰ã€‚ä»–ä»¬æåŠçš„é¡¹ç›®æœ‰ï¼šStarWareã€Azâ€¦
kwangya_girls,"RT @wntrult: with only one comeback in 2022, aespa becomes the girl group with the most songs inside of the 2022 melon yearly chart with fiâ€¦"
_Dani_OT7,"RT @Army097l: ""The Astronaut"" alcanzo los 6,000,000de shazam esta es la segunda canciÃ³n de Jin en lograr esto y la primera de un artista coâ€¦"
bbyloey92,"RT @theglobalchoice: #TheGlobalChoice100 
OH SE-HUN aka SEHUN
No. 3
The 100 Global Fashion Icons of 2022

WATCH: https://t.co/GPq0TecwRf
REâ€¦"
elirayzor,RT @evrysingledave: Puss in Boots: The Last Wish (2022) https://t.co/mTZGJbIC0p
onlyyui23,"RT @nattyninny: ğŸ‰ à¸‚à¸­à¹à¸ªà¸”à¸‡à¸„à¸§à¸²à¸¡à¸¢à¸´à¸™à¸”à¸µà¸à¸±à¸š #à¹€à¸«à¸£à¸´à¸™à¹€à¸ˆà¸µà¸¢à¸«à¸¥à¸¸à¸™  à¸—à¸µà¹ˆà¸„à¸§à¹‰à¸²à¸£à¸²à¸‡à¸§à¸±à¸¥ TOP 9 à¸•à¸±à¸§à¸¥à¸°à¸„à¸£à¸Šà¸²à¸¢à¸¢à¸­à¸”à¸™à¸´à¸¢à¸¡ à¹ƒà¸™à¸šà¸—à¸šà¸²à¸—à¸•à¸±à¸§à¸¥à¸°à¸„à¸£""à¸‰à¸²à¸‡à¸­à¸µà¹‰"" à¸ˆà¸²à¸ #à¸—à¸²à¸ªà¸›à¸µà¸¨à¸²à¸ˆ à¸›à¸£à¸°à¸ˆà¸³à¸›à¸µ 202â€¦"
HiDaTe_46,RT @BNGPY: Ingat kasus perkosaan beramai-ramai (gang rape) seorang pegawai honorer sebuah kementerian yg dilakukan 4 orang pegawai kementerâ€¦
hachi1286426956,"RT @saeriina: æ ªå¼ä¼šç¤¾ã‚°ãƒ©ãƒ³ãƒ‡ãƒ¼ã‚¿ã•ã¾
@grandata_grp ã‚ˆã‚Š

ã‚¯ãƒªã‚¹ãƒã‚¹ã‚­ãƒ£ãƒ³ãƒšãƒ¼ãƒ³2022ã«ã¦
å½“é¸ã—ã¾ã—ãŸ(*Â´ê’³`*)ğŸ’—
ã‚ã‚ŠãŒã¨ã†ã”ã–ã„ã¾ã™ğŸ™ŒğŸ’•
æ¥æœˆã®å¨˜ã®èª•ç”Ÿæ—¥ğŸã«
ä½¿ã‚ã›ã¦ã„ãŸã ãã¾ã™â£ï¸

ã‚°ãƒ©ãƒ³ãƒ‡ãƒ¼ã‚¿ã•ã¾ã¯
ã‚¨ãƒãƒ«ã‚®ãƒ¼ã‹ã‚‰æ–°ã—ã„ä»•çµ„ã¿â€¦"
Spreaders_co_ke,"RT @Tuko_co_ke: Mtoto wa Rais wa Equatorial Guinea ambaye amekwamilia madarakani kwa miaka 43, amekamatwa kwa kuuza ndege ya serikali.

Ndeâ€¦"
J79584916,"RT @AttorneyCrump: 2 former Luzerne County (PA) judges received lengthy prison sentences for sending 1,000s of kids â€” as young as age 8 â€” tâ€¦"
0505src,"RT @Dekchaikumkom: Theme à¸‡à¸²à¸™à¸­à¸­à¸Ÿà¸Ÿà¸´à¸• 2022 : Very thai
Cr. Kotton Thuntida https://t.co/f6G94iq2fR"
Act_Tanakiat,"RT @DaveOCKOP: BREAKING: Deloitte have released its annual report. Liverpool generated over â‚¬700M, the third highest in world football, inâ€¦"
JohnChinte,"@LA____Lakers @SacFilmRoom Thank you for existing,  2022-23 Lakers. Without you we would have 3 fewer wins this year"
hosihosinosora,"RT @kumagayakimura: ã¨ã‚Šã‚ãˆãšä»Šæœã®
ï¼ºï¼´ï¼¦å½—æ˜Ÿ  C/2022 E3 ( ZTF )

2023/01/18ã€€29:33:17(JST)   
FCT76+rd+EOS60Daã€€LPS-P2ã€€2mÃ—2
@ä¸‹ä»ç”°ç”º(ç¾¤é¦¬çœŒï¼‰ https://t.co/Qwiâ€¦"
Thavisouk78,"RT @VaxC19Acouphene: ""48 heures aprÃ¨s le vaccin, c'est signÃ©"" a dit l'ORL Ã  Samir qui a souffert de violents vertiges et perdu l'audition dâ€¦"
sjyzln,"RT @garnethours_my: 2022 Mubeat Global Choice | Giveaway

- Male Round 2 -

ğŸ¦‹ 200 tickets

ğŸŒº Follow @garnethours_my
ğŸŒº Like and RT this tweeâ€¦"
mal_gsz,"RT @Gasiuk_Pihowicz: Bez naukowego udowadniania wiadomo, Å¼e miÄ™dzy 5 a 15 grudnia 2022 r. p. @OzdobaJacek pobieraÅ‚ ministerialnÄ… pensje, châ€¦"
carlito_kamara,@JeanPierreGrand @BFMTV @NUPES_2022_ @publicsenat @Indep_Senat @MLMontpellier Vasy on te cale Ã  2000â‚¬ par mois sans tous les avantages et en horaires postÃ©s et on te regarde
humanity__2022,"à¤®à¥à¤à¥‡ à¤•à¥‹à¤ˆ à¤—à¤²à¤¤ à¤¸à¤®à¤à¥‡à¤‚ à¤¯à¤¾ à¤¸à¤¹à¥€ à¤²à¤¾à¤ à¥€ à¤•à¥‹ à¤•à¥à¤¯à¤¾ à¤«à¤°à¥à¤• à¤ªà¤¡à¤¼à¤¤à¤¾ à¤¹à¥ˆ, à¤«à¤°à¥à¤• à¤¤à¥‹ à¤¤à¤¬ à¤ªà¤¡à¤¼à¤¤à¤¾ à¤œà¤¬ à¤¬à¤¿à¤¨à¤¾ à¤œà¤¾à¤¨à¥‡ à¤¸à¥‹à¤šà¥‡ à¤¸à¤®à¤à¥‡à¤‚ à¤¹à¤•à¥€à¤•à¤¤ à¤•à¥€ à¤²à¥‰à¤œà¤¿à¤• à¤•à¥€ à¤œà¤—à¤¹ à¤«à¥‡à¤• à¤®à¥ˆà¤œà¤¿à¤• à¤¦à¤¿à¤–à¤¾à¤¨à¥‡ à¤²à¤—à¥‡....âœï¸ğŸ˜Š

à¤‡à¤®à¥‹à¤¶à¤¨ à¤”à¤° à¤«à¤¿à¤²à¤¿à¤‚à¤— à¤®à¥‡à¤‚ à¤«à¤¾à¤¸à¤²à¤¾ à¤¹à¥‹à¤¤à¤¾ à¤¹à¥ˆ à¤œà¤¨à¤¾à¤¬ ğŸ™"
Magicofcharts,"RT @OpIndia_com: Tika Lal Taploo: One of the first murders before the genocide Kashmiri Hindus in 1990, killed for sending bricks and fundsâ€¦"
PurplehandsomeV,"RT @KTH_Supporters: MELON ë©œë¡  ì—°ê°„ì°¨íŠ¸

ğŸ‡°ğŸ‡·2022ë…„ë„ êµ­ë‚´ì¢…í•© ì—°ë„ì°¨íŠ¸
ğŸ†#93 í¬ë¦¬ìŠ¤ë§ˆìŠ¤ íŠ¸ë¦¬ (ë·”)

ğŸŒ2022ë…„ë„ ì¢…í•© ì—°ë„ì°¨íŠ¸
ğŸ†#99 Christmas Tree (V)

GLOBAL ICON TAEHYUNG
#Gloâ€¦"
SOCCERB00KS,"Premier League - ALL Betting Odds Season 2022 2023 #soccer #EPL #epl2023 #eplfixtures  #football  #eplresults #AFC #CFC #lfc #MCFC #ManU #NUFC 
  Football Books Bought and Sold CASH WAITING ~ GOTO:  https://t.co/EBMn4C4NiR https://t.co/Tf0egT573A"
DianaMLpez,"RT @Liga_Arco: Â¡LEÃ‘A CAÃ‘EROS! ğŸ¤© ğŸ‰ 

Los @verdesxsiempre clasifican a la Serie Final de la campaÃ±a 2022-2023 ğŸ‹ğŸ˜

#LigaARCO âš¾ï¸ https://t.co/xâ€¦"
SamsaraQalaza,"RT @ZoeRoseBryant: But people are still trying to say 2022 was a â€œbad year for film,â€ lol https://t.co/TkzMh9k5rJ"
sajidareads,"Disember lepas, saya ada tanya followers di IG tentang bookish lessons yang mereka pelajari dari tahun 2022. 

Ini antara jawapan mereka. Thread. https://t.co/HJ098vSTnF"
KShark2211,"RT @koreansales_twt: Circle Album Chart â€” Week 2, 2023

1. #MONSTA_X REASON â€” 370,000 copies ğŸ†•
2. #NCTDREAM Candy â€” 111,730 copies â¬†ï¸
3. #Sâ€¦"
DheenaSekar28,"RT @mahacinimas: #MahalakshmiTheatreTop10 2022

1. #PS1
2. #Valimai
3. #KGF2
4. #Vikram
5. #LoveToday
6. #Beast 
7. #RRR
8. #Don
9. #Virumaâ€¦"
chuy2244,RT @eleconomista: #Pemex quemÃ³ ilegalmente hidrocarburos valuados en mÃ¡s de 342 millones de dÃ³lares en los tres aÃ±os transcurridos hasta agâ€¦
BilalKh54751252,"RT @PTIofficial: PTI's Party Management Cell (PMC) has been categorized as a Specialized Body in the PTI Amended
Constitution, 2022.
Therefâ€¦"
gappachan_2022,"@_UMEBOYS_1904 å…¬å¼æ§˜ã‹ã‚‰ï¼ã“ã¡ã‚‰ã“ãç¾å‘³ã—ã„æ¢…ã‚’ã‚ã‚ŠãŒã¨ã†ã”ã–ã„ã¾ã™ğŸ˜Š
æ¬¡ã¯ãœã²ã—ãæ¼¬ã‘ã‚‚è©¦ã—ãŸã„ã¨æ€ã„ã¾ã™ï¼"
coralver,RT @SamDaryan1: Ğ Ğ¾ÑÑĞ¸Ğ¹ÑĞºĞ¾Ğµ Ğ¿Ñ€Ğ°Ğ²Ğ¸Ñ‚ĞµĞ»ÑŒÑÑ‚Ğ²Ğ¾ Ğ¿Ñ€Ğ¸Ğ½ÑĞ»Ğ¾ Ñ€ĞµÑˆĞµĞ½Ğ¸Ğµ Ğ½Ğµ Ğ¿Ğ»Ğ°Ñ‚Ğ¸Ñ‚ÑŒ Ğ²Ğ·Ğ½Ğ¾ÑÑ‹ Ğ·Ğ° 2022 Ğ³Ğ¾Ğ´ Ğ² Ğ•Ğ²Ñ€Ğ¾Ğ¿ĞµĞ¹ÑĞºÑƒÑ ÑĞºĞ¾Ğ½Ğ¾Ğ¼Ğ¸Ñ‡ĞµÑĞºÑƒÑ ĞºĞ¾Ğ¼Ğ¸ÑÑĞ¸Ñ ĞĞĞ. ĞŸÑ€Ğ¸Ğ½ÑÑ‚ÑŒ Ğ¿Ñ€â€¦
NILESH042,"RT @BJP4India: Prime Minister Shri @narendramodi will virtually inaugurate Saansad Khel Mahakumbh 2022-23, being organised in Basti, tomorrâ€¦"
kokomo0723,ãˆãƒ¼ï¼ãœã²è¦³ã¦ã»ã—ã„â€¦ã‚ãŸã—ã®2022æ˜ ç”»ãƒ™ã‚¹ãƒˆ10ã«ã‚‚å…¥ã‚Œã•ã›ã¦ã‚‚ã‚‰ã£ã¦ã¾ã™ï¼ˆé †ä½ã¯ã¤ã‘ã¦ãªã„ï¼‰ã€‚ https://t.co/9QHt6r78yh
KyonBox2,"RT @kchartsmaster: ""LOVE DIVE"" by @IVE_twt takes the No.1 spot on MelOn 2022 Year-End Chart. https://t.co/uUvoPDI0BM"
eptw03,RT @Nogi46UP: à¸«à¸™à¹‰à¸²à¸›à¸ Blu-ray &amp; DVD à¸‚à¸­à¸‡à¸à¸²à¸£à¹à¸ªà¸”à¸‡ Nogizaka46 10th YEAR BIRTHDAY LIVE à¸ˆà¸±à¸”à¸‚à¸¶à¹‰à¸™à¸—à¸µà¹ˆ Nissan Stadium à¹€à¸¡à¸·à¹ˆà¸­à¸§à¸±à¸™à¸—à¸µà¹ˆ 14-15 à¸à¸¤à¸©à¸ à¸²à¸„à¸¡ 2022 à¸›â€¦
ThomasBavaria1,"Extremely high excess mortality in Germany at the end of 2022!  
Far too many people die from the C19 vaccination.
@PeterSweden7 https://t.co/KxWwk08Daz"
HIKARU_WORLD_TH,"[ ğŸ“¸ ] #Kep1er_ZIP

à¸ à¸²à¸à¹€à¸šà¸·à¹‰à¸­à¸‡à¸«à¸¥à¸±à¸‡à¸®à¸´à¸„à¸²à¸£à¸¸à¸ˆà¸²à¸à¸‡à¸²à¸™ 2022 MBC Gayo Daejejeon à¸„à¹ˆà¸° !

ğŸ“ :  https://t.co/KPv9aO71dE

#Kep1er #ì¼€í”ŒëŸ¬ #HIKARU #íˆì¹´ë£¨ https://t.co/s9IrWsTC43"
Sean__Girl1005,"RT @TianTianZhanZh1: ""Congratulations to Xiao Zhan's Ace Troops for being the top 2022 Jiangsu Satellite TV prime-time drama series ğŸ†The liâ€¦"
FUNNAGAN,RT @TSA: Far too many weapons were discovered in carry-on bags in 2022! Shout out to our officers for their continuous efforts keeping theâ€¦
EHEHH_2,"RT @KTH_Supporters: MELON ë©œë¡  ì—°ê°„ì°¨íŠ¸

ğŸ‡°ğŸ‡·2022ë…„ë„ êµ­ë‚´ì¢…í•© ì—°ë„ì°¨íŠ¸
ğŸ†#93 í¬ë¦¬ìŠ¤ë§ˆìŠ¤ íŠ¸ë¦¬ (ë·”)

ğŸŒ2022ë…„ë„ ì¢…í•© ì—°ë„ì°¨íŠ¸
ğŸ†#99 Christmas Tree (V)

GLOBAL ICON TAEHYUNG
#Gloâ€¦"
PranatiDalai,"RT @munarajat: Spot admission for ITI Berhampur starts from 13.09.2022 to 20.09 .2020
All the boys and Girls who have not applied can reporâ€¦"
abassekone1,https://t.co/970yFFsXWV https://t.co/J18zIIq7SZ
ForMyBeeBee,RT @lrishConservNat: 2022 Georgia state house results mapped out by gains &amp; margins https://t.co/In8lxIkZf9
Jonnyboig,"Holy hell, I'm almost to 1k subs!! 

In July 2022, I was stuck at 450 subs 

Since then, i actually started to learn how youtube works N how to grow my channel 

Still learning every day 
thank you! 

I'm going to give you better n better content! 

#YouTuber #art #ContentCreator https://t.co/j3L0zWfdyw"
_furtadoside,"RT @khb131_Global: 1ï¸âƒ£ B.I 2022 ALL DAY SHOW
OFFICIAL MD ONLINE SALES
ğŸ‡°ğŸ‡· https://t.co/48Kei6pFYo
ğŸŒ https://t.co/MMqOJ8Cu9y
ğŸ‡¯ğŸ‡µ https://t.co/â€¦"
amxyeon,"RT @BandwagonAsia: Top K-pop b-sides of 2022: Bandwagon's Picks â€” SEVENTEEN, BTS' RM, Girls' Generation, (G)I-DLE, Sunmi, TXT, and more
httâ€¦"
1artistofsouth,"RT @KariLakeWarRoom: ""The failure to mention one of the biggest news stories since the most recent Arizona debacle is a huge red flag, andâ€¦"
redstar46068431,"RT @kokkai_kengaku: #æ™‚äº‹ã€€ï¼ƒæ”¿å…šæ”¯æŒç‡
2023/1/13-16ã€€â€»ï¼ˆï¼‰å†…å‰å›2022/12/9-12
â˜…å€‹åˆ¥é¢æ¥æ–¹å¼
è‡ªæ°‘ã€€24.6ï¼ˆ+1.8ï¼‰
ç«‹æ†²ã€€2.5(-3.0)
å›½æ°‘ã€€1.5(+0.1)
å…¬æ˜ã€€3.4(-0.3)
ç¶­æ–°ã€€3.6(-0.2)
å…±ç”£â€¦"
preethicynthia,"RT @charts_k: .@BTS_twt and members on Melon 2022 Yearly Chart ğŸ‡°ğŸ‡·

#9 That That
#31 Dynamite (3rd yr)
#36 Butter (2nd yr)
#47 Permission Toâ€¦"
Elizabe61936114,"RT @MewniLive: Abro ğŸ§µ 

El Gato y sus 8 vidas. Solo le queda una ğŸ˜±

ğŸ¥ PelÃ­cula: El Gato Con Botas: El Ãšltimo Deseo (2022)

#Pussinboots #Elâ€¦"
MbawoLive,RT @LukhonaMnguni: Hello @Eskom_SA may you please shed some light (excuse the pun) on the Kusile Chimney that was damaged and we learned abâ€¦
aoao1823,"RT @wxyzybxz: Wang Yibo is officially announced as YueHua Entertainment shareholder. 

In the first three quarters of 2022, YH Ent achievedâ€¦"
Roberto_Dubon,"RT @AM_jeann: No todo son nÃºmeros alegres:
En el 2022 hubieron 61,300 nuevos presos capturados bajo el rÃ©gimen de excepciÃ³n; en educaciÃ³n aâ€¦"
superiorjoonie,"RT @charts_k: ""Spring Day"" (@BTS_twt) is the first song to chart on Melon Yearly Chart for 6 consecutive years (2017 - 2022). ğŸ‡°ğŸ‡· https://t.â€¦"
Noapejezuela36,"RT @bereaguilarv: Da Sheinbaum contratos sin licitar a RiobÃ³o:Sin licitaciÃ³n de por medio,el Gob de la CDMX ha entregado a RiobÃ³o S.A. de Câ€¦"
filminjk,"RT @charts_k: ""Spring Day"" (@BTS_twt) is the first song to chart on Melon Yearly Chart for 6 consecutive years (2017 - 2022). ğŸ‡°ğŸ‡· https://t.â€¦"
workhardiefast0,RT @Iairdutemps: bibi for beauty+ magazine may 2022 https://t.co/1Rquuzdbst
J_KP5_KKSJR,"RT @oricon: ï¼¼ğŸŠåˆæ—¥ã§è‡ªå·±æœ€é«˜åˆé€±å£²ä¸Šã‚’é”æˆâ—ï¼

King &amp; Prince åˆãƒ‰ãƒ¼ãƒ ãƒ„ã‚¢ãƒ¼ã‚’æ˜ åƒåŒ–
ã€King &amp; Prince First DOME TOUR 2022 ï½Mr.ï½ã€Blu-ray/DVDç™ºå£²ä¸­ğŸ“€

ã€æœŸé–“é™å®šã€‘1/24(ç«)ã¾ã§
ã‚¹ãƒãƒ›å°‚ç”¨å‹•â€¦"
ssk_090,"RT @reinmeer_aomori: ã€ãƒˆãƒƒãƒ—ãƒãƒ¼ãƒ ã€‘

ã“ã®åº¦ã€2022ã‚·ãƒ¼ã‚ºãƒ³ã«ãƒ©ã‚¤ãƒ³ãƒ¡ãƒ¼ãƒ«é’æ£®ã§ãƒ—ãƒ¬ãƒ¼ã—ã¦ãŠã‚Šã¾ã—ãŸè¡Œæ­¦å¤§å¸Œé¸æ‰‹ã®ç§»ç±å…ˆãŒã€æ±äº¬æ­¦è”µé‡ãƒ¦ãƒŠã‚¤ãƒ†ãƒƒãƒ‰FCï¼ˆJFLï¼‰ã«æ±ºå®šã„ãŸã—ã¾ã—ãŸã®ã§ã€ãŠçŸ¥ã‚‰ã›ã„ãŸã—ã¾ã™ã€‚

è©³ç´°ğŸ”½
https://t.co/iSXmfâ€¦"
Bikble,"ã…¤ã…¤ã…¤

Pada tahoen 2022, ia mentjoba doenia tarik soeara dan mendapatkan popoelaritas dengan singel Lesti Sajang Rizky Billar jang telah melampaoei 1 djoeta penonton.

ï¸ï¸ ï¸ï¸ã…¤ã…¤ã…¤"
Rayaj199x,"@Jihoz_Axie here you go!!!
you will give more people expectations again... 
I still remember 2022 will shock the world again!
#StillShockeeed.
#jihozTheGreat"
hosihosinosora,"RT @kumagayakimura: ã‚‚ã†ä¸€æš
ï¼ºï¼´ï¼¦å½—æ˜Ÿ  C/2022 E3 ( ZTF )

2023/01/18ã€€29:30:42(JST)   
Îµ-160EDï¼‹extender+BJ-53Lã€€1mÃ—4
@ä¸‹ä»ç”°ç”º(ç¾¤é¦¬çœŒï¼‰ https://t.co/JSnCbH0â€¦"
laVeilleTechno,"RT @eduscol_maths: [Veille Ã©ducation numÃ©rique] Intelligence artificielle et apprentissages
DÃ©couvrez sur la plateforme @EcoleEPSAA l'entreâ€¦"
Juliethewarrior,RT @TruWordsRSpoken: @LakotaMan1 https://t.co/1DcAFokFSS
CathHubscher,"@lapinou_2022 Parce vous pensez qu'elles sont veuves ?
Je vois surtout des femmes cÃ©libataires, incapables de vivre en couple, mais qui ont le feu au derriÃ¨re."
Angels_Brass,"RT @MLBNow: Following his breakout 2022 season for the @angels (.281 AVG, 23 HR, 135 OPS+), Taylor Ward comes in as the #âƒ£4âƒ£ Left Fielder oâ€¦"
justmyo,"RT @jonlionfineart2: HEREâ€™S MY 2022 ARTWORK RECAP VIDEO!
Most of my art from 2022!

Featuring:
@MarkHamill 
@0liviajulianna 
@hiitaylorblakâ€¦"
emelsgnccc,"RT @BlackEhilal60: Ã–ÄŸrencilerin Ã¶ÄŸretmen olmayÄ± Ã§ok istemiÅŸ ve bunun iÃ§in mÃ¼cadele etmiÅŸ yeni nesil Ã¶ÄŸretmenlere ihtiyacÄ± var. 

 2022 puanâ€¦"
ilona_2022,@Fiammailmionome Trasgressiva forte ..ahah. spero tu ti sia divertita.  Io con questo tempo manco se mi paghi ....
Amandarks133,Actriz favorita descubierta en el 2022. Creo que Kawaguchi Haruna. Solo vi dos dramas de ella pero me gustÃ³ mucho
asalhyoekie,RT @BNGPY: Ingat kasus perkosaan beramai-ramai (gang rape) seorang pegawai honorer sebuah kementerian yg dilakukan 4 orang pegawai kementerâ€¦
campball1900,"RT @KariLakeWarRoom: Maricopa Malice

""Arizonaâ€™s largest county violated state law by failing to implement chain-of-custody documentation fâ€¦"
Maleficarum_1,RT @SaraGedda2: @LondonMurray12 @CRPSisaRealPain @dawnimatrix @Faithgirlee @Elizabe87622123 @plwin49 @BobbiKellogg @sureuwanttoknow @PTSDAdâ€¦
sserafhua,RT @FemslashAndPoly: i combed through the project sekai ao3 tags and tallied the romantic pairs for the main original cast in 2022! a lot hâ€¦
Rahulku72416318,"RT @91mobiles: Best Selfie Phone of 2022 - Mainstream (phones under Rs 30,000)

These phones click the best selfies and manage to offer incâ€¦"
metymelyana,RT @BNGPY: Ingat kasus perkosaan beramai-ramai (gang rape) seorang pegawai honorer sebuah kementerian yg dilakukan 4 orang pegawai kementerâ€¦
bbtrsr,@kchartsmaster BIGBANG carried boygroups in 2022
ShiningstarJo1,"RT @official_jo1: JO1 FCã‚³ãƒ³ãƒ†ãƒ³ãƒ„ã€PHOTOã€æ›´æ–°ï¼
""2022 MAMA AWARDS"" Behind Photos

JO1å…¬å¼HP FCã‚³ãƒ³ãƒ†ãƒ³ãƒ„
ã€PHOTOã€ã‚ˆã‚Šãƒã‚§ãƒƒã‚¯ã—ã¦ä¸‹ã•ã„
â–¶ï¸https://t.co/3SLfb2KLOq

#JOâ€¦"
gsmping,"RT @Dekchaikumkom: Theme à¸‡à¸²à¸™à¸­à¸­à¸Ÿà¸Ÿà¸´à¸• 2022 : Very thai
Cr. Kotton Thuntida https://t.co/f6G94iq2fR"
MRiazkhan54,"RT @AyZi: 2018 Ø³Û’ Ù„ÛŒÚ©Ø± 2022 ØªÚ© Ù…Ù„Ú©ÛŒ ØªØ§Ø±ÛŒØ® Ù…ÛŒÚº Ø³Ø¨ Ø³Û’ Ø²ÛŒØ§Ø¯Û Ù‚Ø±Ø¶Û Ù„ÛŒØ§ Ú¯ÛŒØ§ Ø§ÙˆØ± Ú©Ø±ÙˆÙ†Ø§ ÙÙ†Úˆ Ú©ÛŒ Ù…Ø¯ Ù…ÛŒÚº Ø§Ø±Ø¨ÙˆÚº ÚˆØ§Ù„Ø±Ø² Ú©ÛŒ Ø¨ÛŒØ±ÙˆÙ†ÛŒ Ø§Ù…Ø¯Ø§Ø¯ Ù…Ù„ÛŒ

ÛŒÛ Ù¾ÛŒØ³Û Ú©ÛØ§â€¦"
LNgcKimTin2001,"RT @RVStatsBase: 2020sâ€™ Best-selling female group albums (Worldwide pure sales)

#1 Blackpink â€˜Born Pinkâ€™-3,475,963
#2 Blackpink â€˜The Albumâ€¦"
jinyufern_,"RT @volleyballworld: Watch Out For: Ran Takahashi ğŸ‡¯ğŸ‡µ

The outside hitter is currently playing in the Italian League with @pallavolopadova.â€¦"
chena_guzman,"RT @LHHispanic: ğŸ“£| Harry ha cedido un poster firmado a HeadCount, una organizaciÃ³n para impulsar el voto en las elecciones, para un sorteoâ€¦"
kunprajan_06,"RT @charts_k: ""Spring Day"" (@BTS_twt) is the first song to chart on Melon Yearly Chart for 6 consecutive years (2017 - 2022). ğŸ‡°ğŸ‡· https://t.â€¦"
soulheadxx,"RT @tett_k2: NHKã¯æœ‰æ–™ãƒ†ãƒ¬ãƒ“ãªã‚“ã ã‚ï¼Ÿã€Œæ‰•ã‚ãªã„ã‚„ã¤ã«2å€ã®ãƒ¼ã€ã˜ã‚ƒã­ãˆã‚“ã ã‚ˆã€‚é‡‘ã‚’å–ã‚‹ãªã‚‰ã‚¹ã‚¯ãƒ©ãƒ³ãƒ–ãƒ«æ”¾é€ã«ã—ã‚ã‚„ã€‚

ã€ŒNHKå—ä¿¡æ–™ã¯é«˜ã„ã€9å‰²è¶…ãŒå›ç­”ã€€ã€Œã‚¹ã‚¯ãƒ©ãƒ³ãƒ–ãƒ«æ”¾é€ã«ã™ã‚‹ã¹ãã ã¨æ€ã†ã€ç´„7å‰²â€¦1000äººèª¿æŸ» | 2022/10/28 - ã¾ã„ã©ãªãƒ‹ãƒ¥â€¦"
usryutae,"RT @kchartsmaster: ""LOVE DIVE"" by @IVE_twt takes the No.1 spot on MelOn 2022 Year-End Chart. https://t.co/uUvoPDI0BM"
paid_game,"RT @nicodaZzz_kr: 2nd Original Digital Single
ã€Œã‚¢ãƒ‡ã‚£ã‚ªã‚¹(Adios)ã€
 
ğŸ¥M/V Teaser: https://t.co/N6RwyaRu12
 
2022.08.03. (Wed) 0:00AM (KST/ JST)â€¦"
stoneco1919,"RT @MIKITO_777: ãƒ¢ãƒ‡ãƒ«ãƒŠãŒæ²»é¨“ä¸­ã®ãŒã‚“ãƒ¯ã‚¯ãƒãƒ³ã«ã¦ã€
æ¥µã‚ã¦æ‚ªæ€§åº¦ã®é«˜ã„ãŒã‚“ã§ã‚ã‚‹ãƒ¡ãƒ©ãƒãƒ¼ãƒã®åˆ‡é™¤å¾Œã«mRNAãŒã‚“ãƒ¯ã‚¯ãƒãƒ³ã‚’æ¨™æº–ç™‚æ³•ã«åŠ ãˆã¦æŠ•ä¸ã—ãŸã¨ã“ã‚ã€
æ¨™æº–ç™‚æ³•ã®ã¿ã‚ˆã‚Š44%å†ç™ºãƒ»æ­»äº¡ã‚’é˜²ãã¨ã„ã†ç”»æœŸçš„ãªãƒ‡ãƒ¼ã‚¿ãŒå‡ºã¾ã—ãŸã€‚

ã¨ã†ã¨ã†ã€ãŒã‚“ãƒ¯ã‚¯ãƒãƒ³ã®å®Ÿç”¨åŒ–â€¦"
Angel617Liz,"RT @alhanda: On The Road With Al and Ivy: A Homeless Literary Chronicle: Dec 2022
John Steinbeck, Robert Graves, Boswell, Milton, plus fullâ€¦"
onikabloom,RT @TopNotchMaraj: Nicki solo 2022.         Megan solo 2022 https://t.co/kvBv4gxprc
yh_1st_,"RT @m_league_: å¤§å’Œè¨¼åˆ¸ #Mãƒªãƒ¼ã‚° 2022-23
1/19(æœ¨)ã€€59æ—¥ç›®/94æ—¥

ç¬¬1ï¸âƒ£è©¦åˆã®å‡ºå ´é¸æ‰‹ç™ºè¡¨

æ±å®¶ï¼š#æ±åŸã‚ŠãŠ
ã‚»ã‚¬ã‚µãƒŸãƒ¼ãƒ•ã‚§ãƒ‹ãƒƒã‚¯ã‚¹

å—å®¶ï¼š#æ¸‹å·é›£æ³¢
KADOKAWAã‚µã‚¯ãƒ©ãƒŠã‚¤ãƒ„

è¥¿å®¶ï¼š#è©åŸè–äºº
ãƒãƒ¼ãƒ é›·é›»

åŒ—å®¶ï¼š#æ¾ãƒ¶ç€¬éš†å¼¥â€¦"
Alann_A22,"RT @wxyzybxz: Wang Yibo is officially announced as YueHua Entertainment shareholder. 

In the first three quarters of 2022, YH Ent achievedâ€¦"
NavilleraJIN_,"RT @BHYYHFILES: #huening_bahiyyih mbc gayo 2022 behind photo ğŸ“¸

#íœ´ë‹ë°”íˆì— #Kep1er #ì¼€í”ŒëŸ¬ https://t.co/GYbVjJOJX3"
MartinBernAl_15,"RT @bambino_sedano: FINAL SINALOENSEğŸ”¥

Algodoneros y CaÃ±eros jugarÃ¡n la gran final de la temporada 2022-2023 de la Liga ARCO, final inÃ©ditaâ€¦"
ImagineThisSM,"Heritage Wilmot Advisory Committee Meeting â€“ January 11, 2023 | riverside pick a part | #Heritage #Wilmot #Advisory #Committee #Meeting #January |Â 2022 https://t.co/indo0AsfXS"
ri_hobby44,"RT @TOWER_MJMF: ï¼¼ã‚ªãƒ³ãƒ©ã‚¤ãƒ³é™å®šï¼ï¼

ãƒã‚¤ãƒ³ãƒˆ15%é‚„å…ƒğŸŠ
æœ¬æ—¥1æœˆ19æ—¥ã¾ã§ï¼

â¤ï¸ğŸ’šğŸ’™ğŸ§¡ğŸ’—ğŸ’œğŸ’›

#ãªã«ã‚ç”·å­ ã‚·ãƒ³ã‚°ãƒ«
ã€#ãƒãƒƒãƒ”ãƒ¼ã‚µãƒ—ãƒ©ã‚¤ã‚ºã€â›„

ä»Šå¹´ã®å†¬ã¯
ãªã«ã‚ç”·å­ãŒãƒãƒƒãƒ”ãƒ¼ã«å½©ã‚Šã¾ã™â„

ğŸ”»ã”æ³¨æ–‡ğŸ“€
https://t.co/NfwMBecEâ€¦"
LIONlDLE,"RT @BandwagonAsia: Top K-pop b-sides of 2022: Bandwagon's Picks â€” SEVENTEEN, BTS' RM, Girls' Generation, (G)I-DLE, Sunmi, TXT, and more
httâ€¦"
ashallymar,"RT @cloverblossoms_: ğŸ‘‘ Fall 2022 Dorama Satisfaction Ranking (Filmarks)

â‘  First Love Hatsukoi
â‘¡ Elpis
â‘¢ silent
â‘£ More than Words
â‘¤ Yamikinâ€¦"
suangrato,"RT @Dekchaikumkom: Theme à¸‡à¸²à¸™à¸­à¸­à¸Ÿà¸Ÿà¸´à¸• 2022 : Very thai
Cr. Kotton Thuntida https://t.co/f6G94iq2fR"
yawnante,RT @TheCinesthetic: Aftersun (2022) dir. Charlotte Wells https://t.co/8Uyfn7C41P
seseseiya_ae,"@null
ãƒ‡ã‚¿ã‚« ã‚°ãƒ«ã‚« äº¤æ› 2022

æ±‚:æœ«æ¾¤ é«™æ©‹å„ªæ–— é»’ç”° è¥¿æ‘ æ¸¡è¾ºæƒŸ

è­²:ç”»åƒãƒ¡ãƒ³ãƒãƒ¼

æ¸¡è¾ºæƒŸã¨ã®äº¤æ›ã¯æ¯”ç‡é•ã„å„ªå…ˆ
ãƒãƒ¼ã‚­ãƒ³ã‚°ã‚¯ãƒªãƒƒãƒ—ã§ãŠå–å¼•ä¸­ã®æ–¹ã€éƒ½å†…æ‰‹æ¸¡ã—ã®æ–¹å„ªå…ˆ
å„ªå…ˆé †ä½ãŒã‚ã‚‹ãŸã‚ã€ãŠè¿”äº‹é…ããªã‚‹å ´åˆã‚ã‚ŠğŸ’¦
ãŠæ°—è»½ã«ãŠå£°ã‹ã‘ãã ã•ã„ğŸ™‡â€â™€ï¸ https://t.co/5EU5Jui3fY"
jumfive74,"RT @NFT_Social_Club: Good morning #NFTfamily 
ğŸ“¢To celebrate 2022 #MultiversX NFT we had ou first #NSCAwards
â°ï¸NFTs are here to stay throughâ€¦"
awarefndngroup,#RT @pozmagazine: My Top 5 Blog Posts of 2022 @shawndecker https://t.co/nxKoeK5pUV #HIV
urbinam,"Nueva Zelanda le quitÃ³ la custodia de un bebÃ© a sus padres antivacunas que rechazaban una transfusiÃ³n de sangre urgente
https://t.co/F1wX2kcK12"
xoxo_eruNyan,"RT @monst_mixi: ã€æœŸé–“é™å®šã‚­ãƒ£ãƒ©ãŒå†ç™»å ´ğŸŒ…ã€‘

ã‚¬ãƒãƒ£ã€Œå¾©åˆ»ãƒ¢ãƒ³ã‚¹ãƒˆãƒ‹ãƒ¥ãƒ¼ã‚¤ãƒ¤ãƒ¼2022ã€é–‹å‚¬ä¸­âœ¨
éå»ã«ç™»å ´ã—ãŸä¸‹è¨˜ã®æœŸé–“é™å®šã‚­ãƒ£ãƒ©ã‚¯ã‚¿ãƒ¼ãŒå†ç™»å ´ï¼

ğŸãƒ™ãƒãƒƒãƒˆÎ±
ğŸãƒ©ãƒ—ãƒ©ã‚¹Î±
ğŸãƒ´ã‚©ãƒ¼ãƒ‘ãƒ«ã‚½ãƒ¼ãƒ‰Î±

æœŸé–“é™å®šã‚­ãƒ£ãƒ©3ä½“ã¯å‡ºç¾ç¢ºç‡è¶…UPï¼
https://tâ€¦"
arif_mohamad14,RT @FaktaBukanAuta: Tahukah anda filem Pulau yg dikatakan mengandungi unsur lucah telah lulus dgn klasifikasi P13 oleh Lembaga Penapisan Fiâ€¦
FOREVER_SXT,2022 ê°€ìš”ëŒ€ì œì „ ë¹„í•˜ì¸ë“œ í¬í†  #ìƒ¤ì˜¤íŒ… https://t.co/ZrQeMMYsJT
jinal_2022,"RT @Master_8182: @AKRAKESHIAS1 junior clerk - 150 Sir now announce the date for department selection, secretariat clerk recruitment processâ€¦"
jpfkane,https://t.co/DSD9etl7Vl
gos555,"RT @billboardcc: ã€ãƒ©ã‚¤ãƒ–ãƒ¬ãƒãƒ¼ãƒˆæ²è¼‰ã€‘

The Gospellers Premium Symphonic Concert 2022

å…¬æ¼”ãƒ¬ãƒãƒ¼ãƒˆãŒæ²è¼‰ã•ã‚Œã¾ã—ãŸğŸŒŸ

åˆã®ã‚ªãƒ¼ã‚±ã‚¹ãƒˆãƒ©ãƒ„ã‚¢ãƒ¼ã¨ã—ã¦ã€11æœˆã‹ã‚‰å¸¸ã«é€²åŒ–ã—ãªãŒã‚‰èµ°ã‚Šç¶šã‘ãŸ #ã‚´ã‚¹ãƒšãƒ©ãƒ¼ã‚º ã¨ãƒã‚¨â€¦"
Kavita7803,"RT @ratingology: ğ’ğ­ğšğ­ğ¬ ğ¨ğŸ ğ¥ğ¢ğ¯ğ ğ¯ğ¢ğğ°ğğ«ğ¬ ğ¨ğ§ #Youtube of #EnglishMedia #channels at 12:30pm Date :18/January/2022

#Ratingology #Mediastats #Râ€¦"
sjclisse,"RT @jinniesarchives: Seoul Music Awards 2022 - Bonsang ğŸ†

ğŸ—“ï¸: January 19
â°: 5-6 PM KST (Red Carpet); 7-10PM KST (Main Award Ceremony)
ğŸ“º:  hâ€¦"
Riyan1553,"RT @terra_money: Amidst uncertain macro conditions, the #LUNAtic community remains focused on rebuilding ğŸŒ•âš’ï¸

Explore the protocol launchesâ€¦"
fozieh_2022,@bintmohammed77 ğŸŒ¼ØµØ¨Ø§Ø­ Ø§Ù„ÙÙ„ ÙˆØ§Ù„ÙŠØ§Ø³Ù…ÙŠÙ† ğŸŒ¸
SEHUN_OH_MR,"RT @Dekchaikumkom: Theme à¸‡à¸²à¸™à¸­à¸­à¸Ÿà¸Ÿà¸´à¸• 2022 : Very thai
Cr. Kotton Thuntida https://t.co/f6G94iq2fR"
VhuntertvB,RT @TheEntertainah: The 2022 New York Giants are 3 wins away from becoming just the second team in NFL history to win a Super Bowl with lesâ€¦
HiPeep0312,2022 ê°€ìš”ëŒ€ì œì „ ë¹„í•˜ì¸ë“œ ğŸ“· #ì¼€í”ŒëŸ¬ #íˆì¹´ë£¨ https://t.co/lk6YjMq5Ub
fL1TxOoGHlyHhTg,RT @emuzu100: ã€æ–°å•†å“ã‚°ãƒƒã‚ºã€‘ç· ã‚åˆ‡ã‚Šã¯ï¼‘æœˆï¼’ï¼“æ—¥ï¼’ï¼æ™‚ã¾ã§ã§ã™ã€‚ã€ŒãŠãæ¾ã•ã‚“ã€ã‚ˆã‚Šæãä¸‹ã‚ã—å•†å“ãŒå¤šæ•°ãŒç™ºå£²æ±ºå®šï¼å‰å›ã®ãƒ†ãƒ¼ãƒã€Œæ˜¥ã€ã€Œå¤ã€ã€Œç§‹ã€ã«å¼•ãç¶šãä»Šå›ã®ãƒ†ãƒ¼ãƒã¯ã€Œå†¬ã€ã§ã™ï¼è©³ç´°ã¯ã“ã¡ã‚‰â‡’https://t.co/ihmE65IM4Iã€€#ãŠãæ¾ã•ã‚“ã€€#osâ€¦
ZAMPA1313,"RT @AzafTazarden: @Maufalavigna https://t.co/21sRBm98Os
NÃ£o Ã© sÃ³ o Lula nÃ£o..."
epexcontentth,"RT @the_EPEXTH: [ğŸš¨]

à¸œà¸¥à¹‚à¸«à¸§à¸•à¹€à¸§à¸¥à¸² 12.40 à¸™.(à¹„à¸—à¸¢) à¸£à¸²à¸‡à¸§à¸±à¸¥à¸ªà¸²à¸‚à¸² Emerging Artist Award à¸ˆà¸²à¸ HMA
à¸«à¹ˆà¸²à¸‡à¸ˆà¸²à¸à¸­à¸±à¸™à¸”à¸±à¸š 1 : 4.16%
à¸«à¹ˆà¸²à¸‡à¸ˆà¸²à¸à¸­à¸±à¸™à¸”à¸±à¸š 2 : 3.46%

à¹€à¸ˆâ€¦"
TheLawfare4all,"@dudahidalgo13 Cacique Mandy PataxÃ³ pediu socorro no Conselho de Direitos Humanos da ONU, em novembro de 2022. Triste tudo isso."
FranjoKrcmar,on the fly:Â What were Europeâ€™s busiest airports in 2022? https://t.co/iSWY49asuN
stellaesterella,RT @NufusBilim: Almanya 2022'de Ã¼retilen elektriÄŸin %49.6'sÄ± yenilenebilir kaynaklardan Ã¼retildi. #yenilenebilirenerji
PaulParkbj,2022ë…„ ëŒ€í•œë¯¼êµ­ ì‹¤ì„¸ 3ì¸ë°©? ê¶Œë ¥ì˜ ë§› ì´íƒ„í¬ ê³ ë¯¼ì • ì´ì–¸ì£¼ ìµœí˜•ë‘ #shorts https://t.co/b7afVYOlBp - @YouTube
MesonesPako,"RT @c4jimenez: LA RATA AGONIZANDO
RenÃ© Rojas
Lo encarcelaron en 1998, 2004,2010,2022â€¦
Por robo, lesiones, drogasâ€¦
El lunes estaba robando eâ€¦"
s_peach_3,"RT @s_peach_3: YouTuber
Vocalist
Vocaloid producer
UmiKun

å‘½ã«å«Œã‚ã‚Œã¦ã„ã‚‹ã€‚
ã€2022ï¼09-23ã€‘
https://t.co/U1VqvoDibL
ã€2017ï¼10-13ã€‘
https://t.co/fIrL4IPâ€¦"
marikaoru,"RT @m_league_: å¤§å’Œè¨¼åˆ¸ #Mãƒªãƒ¼ã‚° 2022-23
1/19(æœ¨)ã€€59æ—¥ç›®/94æ—¥

ç¬¬1ï¸âƒ£è©¦åˆã®å‡ºå ´é¸æ‰‹ç™ºè¡¨

æ±å®¶ï¼š#æ±åŸã‚ŠãŠ
ã‚»ã‚¬ã‚µãƒŸãƒ¼ãƒ•ã‚§ãƒ‹ãƒƒã‚¯ã‚¹

å—å®¶ï¼š#æ¸‹å·é›£æ³¢
KADOKAWAã‚µã‚¯ãƒ©ãƒŠã‚¤ãƒ„

è¥¿å®¶ï¼š#è©åŸè–äºº
ãƒãƒ¼ãƒ é›·é›»

åŒ—å®¶ï¼š#æ¾ãƒ¶ç€¬éš†å¼¥â€¦"
minoruyokobi,"2022,12,50(æœ¨)-14:57
å¾¡å‘Šã’

#æ—¥æœ¬å›½æ†²æ³•éµå®ˆé †å®ˆ
#æ”¿æ²»ã¨çµŒæ¸ˆ
#å…¨å›½å¾©èˆˆå›£ä½“å¤§ä¼šé–‹å‚¬ä¸­
#é£²é£Ÿæ¥­éƒ¨é–€
#ç”Ÿå­˜æ¨©å…¬è¡†è¡›ç”Ÿå‘ä¸ŠåŠªã‚

#æ–°æ½ŸçœŒå…¨åŸŸ
ã€€#ã‚¹ãƒ†ãƒ³ãƒ¬ã‚¹æ¸…æƒä¸ŠãŒã‚Š
#ç¥å¥ˆå·çœŒæ¨ªæµœå¸‚
ã€€#ã‚¿ã‚¤ãƒ«æ¸…æƒä¸ŠãŒã‚Š

è¾²æ—æ°´ç”£æ¥­ã¨åœŸæœ¨äº‹æ¥­ã®è³‡æ ¼ä¿æœ‰
å±±è„ˆå½¢æˆã«è¾¿ã‚Šç€ã‘ã‡ãƒ¼ï¼
ãƒãƒƒãƒãªçœŒæ°‘ã‹ã‚‰è¦‹ç¿’ã£ã¦ï¼"
FRONTIER_2022,"RT @Mr_Rebs_: The creator of the Halo Infinite Forge Skyrim Whiterun city map, @EthanHibbs9, showed me around his new Solitude city map lasâ€¦"
namnamuuuuu,"RT @charts_k: ""Spring Day"" (@BTS_twt) is the first song to chart on Melon Yearly Chart for 6 consecutive years (2017 - 2022). ğŸ‡°ğŸ‡· https://t.â€¦"
rbzh79,RT @lrestistant73: Le vaccin fonctionne ! RÃ©sultat : 46000 morts supplÃ©mentaires en France en 2022 et la natalitÃ© au plus bas depuis 1946 !â€¦
lamtobee,"RT @1500tasvir_en: Ebrahim Naroui, born in 1997 was arrested on Oct. 3, 2022. After weeks of torture, heâ€™s sentenced to death for â€œWaging wâ€¦"
vicjokerera,the last time I felt happiness was October 21st of 2022 and we all know how that day turned out.
SittrarasanR,"RT @drramadoss: 1. à®®à®¤à¯à®¤à®¿à®¯ à®…à®°à®šà¯ à®…à®±à®¿à®µà®¿à®•à¯à®•à¯ˆ à®šà¯†à®¯à¯à®¤à¯à®³à¯à®³ à®®à®¿à®©à¯à®šà®¾à®° à®šà®Ÿà¯à®Ÿà®¤à¯ à®¤à®¿à®°à¯à®¤à¯à®¤ à®µà®¿à®¤à®¿à®•à®³à¯ 2022 à®¨à®Ÿà¯ˆà®®à¯à®±à¯ˆà®ªà¯à®ªà®Ÿà¯à®¤à¯à®¤à®ªà¯à®ªà®Ÿà¯à®Ÿà®¾à®²à¯, à®®à®¿à®©à¯à®šà®¾à®°à®•à¯ à®•à®Ÿà¯à®Ÿà®£à®®à¯ à®…à®¤à®©à¯ à®‰à®±à¯â€¦"
_marc_062,"RT @Winamax_Espana: ğŸ‰ Â¡LlegÃ³ el dÃ­a! Â¡Vuelve #ELMDP! 

ğŸŒ† Nos trasladamos a LV con motivo de las WSOP 2022 para acompaÃ±ar a @KitBul en el prâ€¦"
periquit0x,"RT @BitSkinsCom: To celebrate @HLTVorg Award Show 2022, we are giving away the PRINTSTREAM COMBO! ğŸ¤

The steps are simple... 
- Follow @Bitâ€¦"
Lilalilaaa6,"RT @rize07addict: ""Christmas Tree"" by V debuts on the Melon Yearly Chart(2022) at #93! It is the third solo entry by a BTS member on this yâ€¦"
yinyi_w,"RT @takewithsalt: â€¦ #WangYibo has now officially became a shareholder of Yuehua Entertainment, as documents state in the first 3 quarters oâ€¦"
_0623_1212_,"ç•™å­¦ç›´å¾Œã®WODã™ã”ã‹ã£ãŸãªã
AGTã«ã‚‚ã€ JUST DANCE! ã§ã®ä¸–ç•Œãƒ‡ãƒ“ãƒ¥ãƒ¼ã«ã‚‚ã€ã“ã“ã‹ã‚‰ã¤ãªãŒã£ãŸã‚“ã ã­
150335

Travis Japan  I 3rd Place Team Division | Frontrow I Orange County 2022 ... https://t.co/7AfC24xf7v @YouTubeã‚ˆã‚Š"
king201772,"RT @staddoha: Ø§Ù„ÙÙŠÙØ§ ÙŠÙ†Ø´Ø±  ØªÙ‚Ø±ÙŠØ±Ø§Ù‹ Ø¨Ù…Ù†Ø§Ø³Ø¨Ø© Ù…Ø±ÙˆØ± Ø´Ù‡Ø± Ø¹Ù„Ù‰ Ù†Ù‡Ø§Ø¦ÙŠ Ù…ÙˆÙ†Ø¯ÙŠØ§Ù„ Ù‚Ø·Ø± Ù¢Ù Ù¢Ù¢ğŸ‘‡ğŸ½

â–ªï¸5 Ù…Ù„ÙŠØ§Ø± Ø´Ø®Øµ ØªÙØ§Ø¹Ù„ÙˆØ§ Ù…Ø¹ ÙƒØ£Ø³ Ø§Ù„Ø¹Ø§Ù„Ù… FIFA Ù‚Ø·Ø± Ù¢Ù Ù¢Ù¢â„¢ 
â–ªï¸1.5â€¦"
icanseethat9,"RT @kchartsmaster: ""The ReVe Festival 2022 - Birthday"" by Red Velvet (@RVsmtown) has surpassed 1 million copies sold on Circle Chart."
iveyouth,"RT @kchartsmaster: ""LOVE DIVE"" by @IVE_twt takes the No.1 spot on MelOn 2022 Year-End Chart. https://t.co/uUvoPDI0BM"
James682286761,RT @PedrosChicken: Meet Wayne Nagindass - â€˜Ops Manager of the Year 2022â€™. His outstanding performance earned him the coveted title at our aâ€¦
Polo_Nf,RT @Nef92_: On est le 10 juillet 2022 et @Polo_Nf nâ€™a tjrs pas changÃ© de coupe https://t.co/9DTjaqwzjD
bharat_shasamal,"RT @bharat_odia: #speedupregularisationofcontractualemployees 
@CMO_Odisha 
@SecyChief 
@pranabpdas 
 @Naveen_Odisha 
@SMEOdisha  à¬“à¬¡à¬¼à¬¿à¬¶à¬¾à¬° à¬¸â€¦"
ProfBShaffer,RT @thierry_bros: 2022 was also a year with record coal use.ğŸ˜¡
KUNotifier,"RT @KUNotice: Selection of Candidates for Admission - 2022(BTech in AI) via EoIs

Category: Highlights for Students
- Thu, Jan 19, 2023

htâ€¦"
LalisamXq,"RT @theglobalchoice: #TheGlobalChoice100 
LALISA MANOBAL aka LISA
No. 2
The 100 Global Artists of 2022

WATCH: https://t.co/dXd6NwBU1h
READâ€¦"
xaviervl30,"RT @ALBERTOACOSTAB: En 2021 hubo SALIDA NETA de 182 mil ecuatorianos... en 2022 bordearÃ­a los 93 mil.

Â¿La causa?

INCAPACIDAD de TODOS ""nuâ€¦"
Kaurraman16,RT @Kaurraman16: @PillEducation #EXTEND NTA UGC NET DECEMBER 2022 APPLICATION FORMS DATE
ancharong,"RT @Dekchaikumkom: Theme à¸‡à¸²à¸™à¸­à¸­à¸Ÿà¸Ÿà¸´à¸• 2022 : Very thai
Cr. Kotton Thuntida https://t.co/f6G94iq2fR"
Othman_Sensei,"RT @NextGenPlayer: God of War RagnarÃ¶k is 2022 GOTY according to Metacritic users ğŸ”¥

Elden Ring is second and Horizon Forbidden West is thiâ€¦"
MissWulans,"RT @TokopediaCare: Di tahun 2022 kemarin, banyak banget kegiatan menarik dan pencapaian yang didapatkan Tokopedia Care dalam memberikan pelâ€¦"
sinomule,"RT @charts_k: Melon Overseas Chart â€” 2022 (@BTS_twt)

#5 My Universe
#7 Left and Right
#14 Savage Love Remix 
#64 Dreamers
#94 Bad Decisions"
_Dani_OT7,"RT @charts_k: ""Spring Day"" (@BTS_twt) is the first song to chart on Melon Yearly Chart for 6 consecutive years (2017 - 2022). ğŸ‡°ğŸ‡· https://t.â€¦"
drtitomigabo,"RT @UNEP: To stop our â€œself-defeating war on nature,â€ we must close the #EmissionsGap, phase out coal, and supercharge the renewable revoluâ€¦"
Alisonmoore63,RT @MeganLeePhD: â€œThemes do not passively â€˜emergeâ€™ from data but are actively produced by the researcher through their systematic engagemenâ€¦
RonakRa30079035,RT @TUSHARS00354811: DGP àª•àªšà«‡àª°à«€ àª–àª¾àª¤à«‡ àª•àª¾àª°à«àª¯àª°àª¤ àª•àª°à«àª®àªšàª¾àª°à«€ àª…àª˜àª¿àª•àª¾àª°à«€ àª¶à«àª°à«€ àª“ SRPF àª—à«àª°à«‚àªª àª«àª¾àª³àªµàª£à«€ àª•àª¾àª®àª—à«€àª°à«€ àªœà«‡àª“ àª¨àª¾àª‚ àª¹àª¾àª¥ àª®àª¾àª‚ àª¹à«‹àªˆ àª¤à«‡àª“ àª¤àª®àª¾àª® àª…àª˜àª¿àª•àª¾àª°à«€ àª¶à«àª°à«€ àª•â€¦
MarcosPR43,"RT @jairbolsonaro: 1.1- NOVO CAGED: Brasil tem novo recorde histÃ³rico de empregos formais no pais: 43,1 milhÃµes.

2.1- BALANÃ‡O 2022: Secretâ€¦"
twiettwiet11,RT @Gerard1945X: De aanloop van het conflict tussen de NAVO en Rusland wordt door onderstaande Amerikaanse historicus in anderhalve minuutâ€¦
ZonaLicey,"RT @LuichySanchez: Sin dudas, durante todo el campeonato 2022-23, @TigresdelLicey fue el mejor equipo."
dlstnr70,"RT @KTH_Supporters: MELON ë©œë¡  ì—°ê°„ì°¨íŠ¸

ğŸ‡°ğŸ‡·2022ë…„ë„ êµ­ë‚´ì¢…í•© ì—°ë„ì°¨íŠ¸
ğŸ†#93 í¬ë¦¬ìŠ¤ë§ˆìŠ¤ íŠ¸ë¦¬ (ë·”)

ğŸŒ2022ë…„ë„ ì¢…í•© ì—°ë„ì°¨íŠ¸
ğŸ†#99 Christmas Tree (V)

GLOBAL ICON TAEHYUNG
#Gloâ€¦"
ee_maginative,RT @avibecertified: TiaCorine x NOCTA  | 2022 https://t.co/6wBYVIOF6M
alieninwhite,"RT @pesquisas_2022: ğŸš¨ URGENTE: Segundo a CNN Brasil, o General Walter Braga Netto teria debatido a aplicaÃ§Ã£o do Estado de Defesa logo apÃ³sâ€¦"
ikilsoob,"RT @TXTChartData: Most Streamed Song by 4th Gen Boygroup On MelOn in 2022 release :

#1 Good Boy Gone Bad - 24.1M ğŸ†
#2 Thursday's  Child Haâ€¦"
1nnermoonch1ld,"RT @starshipgirlz: LRT - Melon's officially released their 2022 Yearly Chart, and all of IVE's 2022 titles are in the top 20 ğŸ¥³

1. LOVE DIVâ€¦"
randomatbest5,RT @NoLieWithBTC: This is Trump-supporting politician Solomon PeÃ±a (R-NM). He lost his election in 2022 and claimed the vote was â€œrigged.â€â€¦
katiecusulamoo,@vauhinivara this one really does it for me https://t.co/OYMDufOMtZ
Wasan888999,RT @HupzdNM9qWxEwUq: à¸ªà¸¡à¹€à¸”à¹‡à¸ˆà¸à¸£à¸°à¸à¸™à¸´à¸©à¸à¸²à¸˜à¸´à¸£à¸²à¸Šà¹€à¸ˆà¹‰à¸² à¸à¸£à¸¡à¸ªà¸¡à¹€à¸”à¹‡à¸ˆà¸à¸£à¸°à¹€à¸—à¸à¸£à¸±à¸•à¸™à¸£à¸²à¸Šà¸ªà¸¸à¸”à¸²à¸¯ à¸ªà¸¢à¸²à¸¡à¸šà¸£à¸¡à¸£à¸²à¸Šà¸à¸¸à¸¡à¸²à¸£à¸µ à¹€à¸ªà¸”à¹‡à¸ˆà¸à¸£à¸°à¸£à¸²à¸Šà¸”à¸³à¹€à¸™à¸´à¸™à¹„à¸› à¸—à¸£à¸‡à¹€à¸‚à¹‰à¸²à¸£à¹ˆà¸§à¸¡à¸à¸´à¸˜à¸µà¹€à¸›à¸´à¸”à¸¡à¸«à¸à¸£à¸£à¸¡à¸à¸µà¸¬â€¦
MaeXg_2,"RT @Liga_Arco: Â¡PURO GUASAVE! ğŸ¤© ğŸ‰ 

Los @AlgodonerosGsv estÃ¡n en la Serie Final de la campaÃ±a 2022-2023 â˜ï¸ğŸ”¥

#LigaARCO âš¾ï¸ https://t.co/BJhiâ€¦"
ppkkookkng,RT @koreansales_twt: &lt;'The ReVe Festival 2022 - Birthday'&gt; by #RedVelvet has surpassed 1 million copies sold on Circle Chart.
Asmabhattiv,"RT @charts_k: .@BTS_twt and members on Melon 2022 Yearly Chart ğŸ‡°ğŸ‡·

#9 That That
#31 Dynamite (3rd yr)
#36 Butter (2nd yr)
#47 Permission Toâ€¦"
isicolo_bangtan,"ğŸ”½ã‚¢ã‚¸ã‚¢æ”¿å…šå›½éš›ä¼šè­° å…±ç”£å…šã®å‚åŠ ãƒ¬ãƒãƒ¼ãƒˆ
è‡ªæ°‘å…šã¯2014å¹´ã‹ã‚‰å‡ºå¸­ã—ã¦ãªã„ğŸ˜¡

https://t.co/53rRXATfi9"
sub__urbano,RT @EeAmadrid: (2) La funciÃ³n principal de la educaciÃ³n debe ser ayudar al alumnado a comprender el mundo en el que habita. Ante el contextâ€¦
kunprajan_06,"RT @charts_k: Melon Overseas Chart â€” 2022 (@BTS_twt)

#5 My Universe
#7 Left and Right
#14 Savage Love Remix 
#64 Dreamers
#94 Bad Decisions"
nomxterwhot,"RT @BHYYHFILES: #huening_bahiyyih mbc gayo 2022 behind photo ğŸ“¸

#íœ´ë‹ë°”íˆì— #Kep1er #ì¼€í”ŒëŸ¬ https://t.co/GYbVjJOJX3"
reindeerkv,"RT @charts_k: .@BTS_twt and members on Melon 2022 Yearly Chart ğŸ‡°ğŸ‡·

#9 That That
#31 Dynamite (3rd yr)
#36 Butter (2nd yr)
#47 Permission Toâ€¦"
TheAsthmaCures,"Innovations in Carbon Capture, Autonomous Robots, Energy Storage, 3D Printing &amp; Drug ... https://t.co/CdL0nSZD4X ... Exosome-mediated Delivery of Messenger RNA (mRNA) to Suppress Human Immunodeficiency Virus (HIV)-1 in the Brain; Griffith University's ValueÂ ..."
IPoR1,"RT @SEULGI_TH: à¸­à¸±à¸¥à¸šà¸±à¹‰à¸¡ 'The ReVe Festival 2022 - Birthday'
à¸¡à¸µà¸¢à¸­à¸”à¸‚à¸²à¸¢à¸—à¸°à¸¥à¸¸ 1 à¸¥à¹‰à¸²à¸™ à¸šà¸™ Circle Chart à¹€à¸›à¹‡à¸™à¸—à¸µà¹ˆà¹€à¸£à¸µà¸¢à¸šà¸£à¹‰à¸­à¸¢

à¸‚à¸­à¹à¸ªà¸”à¸‡à¸„à¸§à¸²à¸¡à¸¢à¸´à¸™à¸”à¸µà¸à¸±à¸šà¸ªà¸²à¸§à¹†à¸”à¹‰à¸§à¸¢â€¦"
FOREdust_twt,"RT @official_fore: [#FORESTELLA_NOTICE] ğŸ“¢

2022-23 Forestella Concert - The Royal in Seoul ENCORE í‹°ì¼“ ì˜¤í”ˆ ì•ˆë‚´

íŒ¬í´ëŸ½ ì„ ì˜ˆë§¤: 23.01.30 20:00 ~ 23:59â€¦"
bookfaerynell,"RT @charts_k: ""Spring Day"" (@BTS_twt) is the first song to chart on Melon Yearly Chart for 6 consecutive years (2017 - 2022). ğŸ‡°ğŸ‡· https://t.â€¦"
ChimNero,"RT @bankmandiri: Konsisten melakukan inovasi digital, Kopra by Mandiri berhasil meraih penghargaan dari berbagai Lembaga Domestik dan Interâ€¦"
PhiloTango,"RT @mireilledelisl5: Ils sont tous lÃ , c'est la grande arnaque de 2022, regardez les, toutes ces personnes nuisent Ã  notre sociÃ©tÃ©, ne pasâ€¦"
stephpark5,"RT @kthhype_ttg8: TAEHYUNG GLOBAL FASHION ICON OF THE YEAR 2022

#GlobalChoiceWinnerV
#TheGlobalChoice100
#BTSV https://t.co/GPKwVfgpWd"
Variety,"Variety's @marcmalkin is on the carpet at the premiere of #ShotgunWedding. Stay tuned for interviews with Jennifer Lopez, Jennifer Coolidge and more! https://t.co/n5MqBQ3i6V https://t.co/e3ujI9Xey6"
uduseresunny,"RT @Maskunveiler: Nigerian doctors donâ€™t get enough credit !! 

A team of Nigerian Based Doctors in 2022 Successfully Separated Conjoined Tâ€¦"
kimmadnae91,"RT @charts_k: Melon Overseas Chart â€” 2022 (@BTS_twt)

#5 My Universe
#7 Left and Right
#14 Savage Love Remix 
#64 Dreamers
#94 Bad Decisions"
joellebrond,"RT @TigresdelLicey: LOS TIGRES DEL LICEY SOMOS LOS CAMPEONES DE LA TEMPORADA 2022-2023 

Â¡ESTE ES EL TIEMPO DEL LICEY! 
ğŸ†ğŸ†ğŸ†ğŸ†ğŸ†ğŸ†ğŸ†ğŸ†ğŸ†ğŸ†ğŸ†

#ThisIâ€¦"
__patwink,"RT @SEULGI_TH: à¸­à¸±à¸¥à¸šà¸±à¹‰à¸¡ 'The ReVe Festival 2022 - Birthday'
à¸¡à¸µà¸¢à¸­à¸”à¸‚à¸²à¸¢à¸—à¸°à¸¥à¸¸ 1 à¸¥à¹‰à¸²à¸™ à¸šà¸™ Circle Chart à¹€à¸›à¹‡à¸™à¸—à¸µà¹ˆà¹€à¸£à¸µà¸¢à¸šà¸£à¹‰à¸­à¸¢

à¸‚à¸­à¹à¸ªà¸”à¸‡à¸„à¸§à¸²à¸¡à¸¢à¸´à¸™à¸”à¸µà¸à¸±à¸šà¸ªà¸²à¸§à¹†à¸”à¹‰à¸§à¸¢â€¦"
Mex_Liber1,RT @Mex_Liber1: maÃ±anera del 29 de diciembre del 2022 dijo que los homicidios dolosos durante su gobierno bajaron 10.3 por ciento. Mientrasâ€¦
Rocio35714580,"RT @IdafeMartin: InflaciÃ³n anual 2022 (@EU_Eurostat) 

ğŸ‡­ğŸ‡º 25,0%
ğŸ‡±ğŸ‡» 20,7
ğŸ‡±ğŸ‡¹ 20,0
ğŸ‡ªğŸ‡ª 17,5
ğŸ‡¨ğŸ‡¿ 16,8
ğŸ‡µğŸ‡± 15,3
ğŸ‡¸ğŸ‡° 15,0
ğŸ‡§ğŸ‡¬ 14,3
ğŸ‡·ğŸ‡´ 14,1
ğŸ‡­ğŸ‡· 12,7
ğŸ‡®ğŸ‡¹â€¦"
BnAlhdydy,"RT @zukatbarkaa: ØªÙ‚Ø±ÙŠØ± Ù…Ø´Ø±ÙˆØ¹ Ø¨ØµÙ…Ø© Ø®ÙŠØ± Ù„Ø´Ù‡Ø±ÙŠ Ø¯ÙŠØ³Ù…Ø¨Ø± ÙˆÙŠÙ†Ø§ÙŠØ±
  2023/ 2022
ÙˆØ§Ù„Ø®Ø§Øµ Ø¨ØªØºØ°ÙŠØ© Ø§Ù„Ø·Ù„Ø§Ø¨ Ø§Ù„Ù…Ø¹Ø³Ø±ÙŠÙ† ÙÙŠ Ù…Ø¯Ø§Ø±Ø³ Ø§Ù„ÙˆÙ„Ø§ÙŠØ©. https://t.co/g1Tth30â€¦"
1Ichinose_,"RT @m_league_: å¤§å’Œè¨¼åˆ¸ #Mãƒªãƒ¼ã‚° 2022-23
1/19(æœ¨)ã€€59æ—¥ç›®/94æ—¥

ç¬¬1ï¸âƒ£è©¦åˆã®å‡ºå ´é¸æ‰‹ç™ºè¡¨

æ±å®¶ï¼š#æ±åŸã‚ŠãŠ
ã‚»ã‚¬ã‚µãƒŸãƒ¼ãƒ•ã‚§ãƒ‹ãƒƒã‚¯ã‚¹

å—å®¶ï¼š#æ¸‹å·é›£æ³¢
KADOKAWAã‚µã‚¯ãƒ©ãƒŠã‚¤ãƒ„

è¥¿å®¶ï¼š#è©åŸè–äºº
ãƒãƒ¼ãƒ é›·é›»

åŒ—å®¶ï¼š#æ¾ãƒ¶ç€¬éš†å¼¥â€¦"
mohammadzeitoun,"RT @Khalid_Al_Kamal: ÙƒÙ… Ø£Ù† Ø§Ù„Ø­ÙŠØ§Ø© Ù‚Ø§Ø³ÙŠØ© Ø¬Ø¯Ø§Ù‹ .
 Ø§Ù„ØµÙˆØ±Ù‡ Ù„ØµØºÙŠØ± Ù‚Ø±Ø¯ Ø§Ù„Ø¨Ø§Ø¨ÙˆÙ† Ø§Ù„Ù…Ù…Ø³Ùƒ ÙÙŠ Ø¨Ø·Ù† Ø§Ù…Ù‡ ÙˆÙ‡Ùˆ Ù„Ø§ ÙŠØ¯Ø±ÙŠ Ø§Ù† Ø§Ù…Ù‡ Ù‚Ø¯ ÙØ§Ø±Ù‚Øª Ø§Ù„Ø­ÙŠØ§Ù‡  ÙˆØ§ØµØ¨Ø­Øª ÙØ±ÙŠØ³Ù‡â€¦"
siszhimsis,RT @petitesquirtle: à¸•à¸­à¸™à¹„à¸‹à¹‚à¸„à¸„à¸·à¸­à¸®à¸²à¸¡à¸²à¸ à¸›à¸µ 2022 à¹„à¸¡à¹ˆà¸à¹‰ 2021 à¸™à¸µà¹ˆà¹à¸«à¸¥à¸° à¹„à¸¡à¹ˆà¸à¹‰à¸›à¸µà¹„à¸«à¸™à¸ªà¸±à¸à¸›à¸µ à¸—à¸µà¹ˆà¹„à¸¡à¹ˆà¹ƒà¸Šà¹ˆà¸›à¸µà¸—à¸µà¹ˆà¸šà¸±à¹‰à¸¡à¸›à¸¥à¹ˆà¸­à¸¢ à¸‚à¸²à¸¢à¹„à¸”à¹‰à¹€à¸¢à¸­à¸°à¸à¸§à¹ˆà¸²à¸•à¸­à¸™à¸›à¸¥à¹ˆà¸­à¸¢ à¹€à¸à¸£à¸²à¸° à¸šà¸±à¹‰à¸¡à¸œà¸¥à¸´â€¦
hannasj20,"RT @bunnyboxz: à¹€à¸£à¸•à¸•à¸´à¹‰à¸‡à¸Šà¹ˆà¸­à¸‡à¸—à¸µà¸§à¸µà¸”à¸²à¸§à¹€à¸—à¸µà¸¢à¸¡à¸¡à¸“à¸‘à¸¥à¹€à¸ˆà¸µà¸¢à¸‡à¸‹à¸¹ à¸Šà¹ˆà¸§à¸‡à¹€à¸§à¸¥à¸²à¹„à¸à¸£à¸¡à¹Œà¹„à¸—à¸¡à¹Œ à¸›à¸µ 2022 à¸‚à¸­à¸‡ Kuyun

âœ¨à¸­à¸±à¸™à¸”à¸±à¸š 1 #AceTroops 0.3351%

#à¸à¸­à¸‡à¸à¹à¸²à¸¥à¸±à¸‡à¸›à¸£à¸°à¸ˆà¸±à¸à¸šà¸²à¸™ #Xâ€¦"
Santiment_FA,"ğŸ–¼ï¸Ø§Ú¯Ø± Ø´Ù…Ø§ Ù‡Ù… ÛŒÚ© Ù…Ø¹Ø§Ù…Ù„Ù‡ Ú¯Ø± #NFT Ù‡Ø³ØªÛŒØ¯ Ú©Ù‡ Ù…Ù†ØªØ¸Ø± Ø¯Ø§Øº Ø´Ø¯Ù† Ø¨Ø§Ø²Ø§Ø± Ø¨Ø¹Ø¯ Ø§Ø² 2022 Ø·Ø§Ù‚Øª ÙØ±Ø³Ø§ Ù‡Ø³ØªÛŒØ¯ØŒ ØªØ§Ø±ÛŒØ® Ù†Ø´Ø§Ù† Ø¯Ø§Ø¯Ù‡ Ú©Ù‡ ØªÙˆÚ©Ù† Ù‡Ø§ÛŒ ØºÛŒØ± Ù…Ø«Ù„ÛŒ Ù…Ø¹Ù…ÙˆÙ„Ø§ Ø¨Ø¹Ø¯ Ø§Ø² Ø±ÛŒÚ©Ø§ÙˆØ±ÛŒ #Bitcoin Ø³ÙˆØ¯Ù‡Ø§ÛŒ Ø®ÙˆØ¨ÛŒ Ù…ÛŒØ¯Ù‡Ù†Ø¯. Ú†Ø§Ø±Øª Ø²ÛŒØ± Ø±Ø§ Ø¨Ø¹Ø¯ Ø§Ø² ØªØ¯Ø§ÙˆÙ… Ø±Ø§Ù„ÛŒ ØµØ¹ÙˆØ¯ÛŒ Ù…Ø´Ø§Ù‡Ø¯Ù‡ Ú©Ù†ÛŒØ¯.
https://t.co/i8bIui2Rnd https://t.co/buOQVFh0DG"
kunprajan_06,"RT @charts_k: .@BTS_twt and members on Melon 2022 Yearly Chart ğŸ‡°ğŸ‡·

#9 That That
#31 Dynamite (3rd yr)
#36 Butter (2nd yr)
#47 Permission Toâ€¦"
NOHIVO,"RT @ElDia_do: #AHORA LICEY CAMPEÃ“N 2022-2023 ğŸ”¥

Tigres vencen a las Estrellas 2-1 en un apretado duelo de picheo para convertirse en los nuâ€¦"
vanguardiamx,"#Coahuila | TambiÃ©n habrÃ¡ incentivos en pagos de Derechos Catastrales a escrituras 2022 y anteriores

https://t.co/RSG3hC5FTy"
txypoetic,RT @TheCinesthetic: Aftersun (2022) dir. Charlotte Wells https://t.co/8Uyfn7C41P
cajit10,RT @SURAJPAWAR3033: @mpsc_office à¤®à¥à¤¹à¤£à¤œà¥‡ à¤¸à¤°à¤•à¤¾à¤° à¤†à¤£à¤¿ à¤¶à¤¾à¤¸à¤¨ à¤¯à¤¾à¤‚à¤šà¥à¤¯à¤¾à¤¤à¥€à¤² à¤¦à¥à¤µà¤¾.à¤¶à¤¾à¤¸à¤¨à¤¾à¤²à¤¾ à¤šà¤¾à¤‚à¤—à¤²à¥‡ à¤…à¤§à¤¿à¤•à¤¾à¤°à¥€ à¤®à¤¿à¤³à¤µà¥‚à¤¨ à¤¦à¥‡à¤£à¥à¤¯à¤¾à¤¸à¤¾à¤ à¥€ à¤…à¤¸à¤²à¥‡à¤²à¥€ à¤¸à¥à¤µà¤¾à¤¯à¤¤à¥à¤¤ à¤¸à¤‚à¤¸à¥à¤¥à¤¾.à¤°à¤¾â€¦
ck_news11,Japan saw record trade deficit of Â¥19.97 trillion inÂ 2022 https://t.co/YjS0W04bKN
nsweryoeun,RT @youngeun_files: #YOUNGEUN 2022 MBC ê°€ìš”ëŒ€ì œì „ Behind Photo https://t.co/4oPI7m4KE1
trhktrhk_2022,"RT @711SEJ: ğŸ¦Šã‚­ãƒ£ãƒ³ãƒšãƒ¼ãƒ³2æ—¥ç›®ğŸ»

ï¼
#åŒ—æµ·é“ã‚°ãƒ«ãƒ¡æ—… é–‹å‚¬è¨˜å¿µğŸ‘
å¯¾è±¡ã®ã‚»ãƒ–ãƒ³ãƒ—ãƒ¬ãƒŸã‚¢ãƒ ã‚´ãƒ¼ãƒ«ãƒ‰ã®å†·å‡ãƒ”ã‚¶ã€å†·å‡ãƒ‘ã‚¹ã‚¿ãŒã„ãšã‚Œã‹1å€‹ç„¡æ–™
æœŸé–“ä¸­ã€æŠ½é¸ã§50ä¸‡åæ§˜ã«ãƒ—ãƒ¬ã‚¼ãƒ³ãƒˆğŸ
ï¼¼

å½“ãŸã‚‹ã¾ã§æ¯æ—¥å¿œå‹Ÿå¯èƒ½
å¿œå‹Ÿç· åˆ‡ã¯1/26(æœ¨)ğŸ—“ï¸

â–¼å‚åŠ æ–¹æ³•
1âƒ£@7â€¦"
cricketycom,Peter Millar Mens Drum Stripe Performance Jersey Golf Polo - Sun Beam Xl Orange ~1  https://t.co/Y1WFYHyLUE
KUNotice,"Selection of Candidates for Admission - 2022(BTech in AI) via EoIs

Category: Highlights for Students
- Thu, Jan 19, 2023

https://t.co/k0mCzq73TN
#KathmanduUniversity https://t.co/oSEdCy7G2J"
STEsExterior,RT @MarruecosStes: RESPUESTA DE LA UNIDAD DE ACCIÃ“N EDUCATIVA EXTERIOR DEL 9/01/23 AL ESCRITO SOBRE PUESTOS VACANTES DE PERSONAL DOCENTE ENâ€¦
nic221,OpenAI's attempts to watermark AI text hit limits https://t.co/3H2gZX0vXK #ChatGPT
tSsS3639,RT @granbluefantasy: ã€ã‚°ãƒ©ãƒ³ãƒ–ãƒ«ãƒ¼ãƒ•ã‚¡ãƒ³ã‚¿ã‚¸ãƒ¼ã€‘ã€Œã‚°ãƒ©ãƒ–ãƒ«ãƒ•ã‚§ã‚¹2022-2023ã€ã¯ã„ã‚ˆã„ã‚ˆæ˜æ—¥é–‹å‚¬ï¼æœ¬æ—¥ã®ã‚«ã‚¦ãƒ³ãƒˆãƒ€ã‚¦ãƒ³ã‚¤ãƒ©ã‚¹ãƒˆã¯ãƒ•ã‚§ã‚¹ã‚’å¿ƒå¾…ã¡ã«ã™ã‚‹ãƒ«ãƒŠãƒ¼ãƒ«ã€ãƒ¡ãƒªãƒƒã‚µãƒ™ãƒ«ã€ãƒã‚­ãƒ©ã€ãƒŸãƒ©ã‚ªãƒ«ã€ã‚¶ãƒ¼ãƒªãƒªãƒ£ã‚ªãƒ¼ã§ã™ï¼ã”æ¥å ´ã®çš†ã•ã¾ã‚‚é˜²å¯’å¯¾ç­–ã‚’å¿˜ã‚Œãšã«ãŠè¶Šã—â€¦
LaetitiaDeygas,@iacovellixavier @olivierdussopt Quand parlerez vous des 48 000 morts en plus en 2022 ? ? ? C'est inquiÃ©tant.... Vous laissez sous le tapis ou vous allez en parler ? ?
j_archuletta,"RT @ThePickzHub: VIP WITH ANOTHER WINNING DAY!! ğŸ”¥

SUPERMAX PARLAY (-153) 10u ğŸ³ğŸ³âœ…
GRIZZLIES ML âœ…
NUGGETS ML âœ…

OKC -2 (-150) MAXXX 5u ğŸ³âœ…

Lâ€¦"
mhkiki526,"RT @charts_k: ""Spring Day"" (@BTS_twt) is the first song to chart on Melon Yearly Chart for 6 consecutive years (2017 - 2022). ğŸ‡°ğŸ‡· https://t.â€¦"
xagusss_,RT @garciabassino: La cumbia de los trapos en Lusail mientras Messi tenÃ­a la Copa del Mundo en las manos. Es imposible competirle a Qatar 2â€¦
manuellunasued,RT @VirgilioMayolA: El auge de @fitur_madrid me puso a pensar en la demanda de alimentos del sector turismo en RepÃºblica Dominicana.  Basadâ€¦
